"N","min(qtot)","q1(qtot)","med(qtot)","q3(qtot)","max(qtot)","avg(qtot)","std(qtot)","min(T)","q1(T)","med(T)","q3(T)","max(T)","avg(T)","std(T)","min(T_ini)","q1(T_ini)","med(T_ini)","q3(T_ini)","max(T_ini)","avg(T_ini)","std(T_ini)","min(dz)","q1(dz)","med(dz)","q3(dz)","max(dz)","avg(dz)","std(dz)","min(Result)","q1(Result)","med(Result)","q3(Result)","max(Result)","avg(Result)","std(Result)","min(vtkOriginalPointIds)","q1(vtkOriginalPointIds)","med(vtkOriginalPointIds)","q3(vtkOriginalPointIds)","max(vtkOriginalPointIds)","avg(vtkOriginalPointIds)","std(vtkOriginalPointIds)","min(X)","q1(X)","med(X)","q3(X)","max(X)","avg(X)","std(X)","min(Y)","q1(Y)","med(Y)","q3(Y)","max(Y)","avg(Y)","std(Y)","min(Z)","q1(Z)","med(Z)","q3(Z)","max(Z)","avg(Z)","std(Z)","vtkValidPointMask","Time"
1,1,1,1,1,1,1,0,1.3564e+12,1.3564e+12,1.3564e+12,1.3564e+12,1.3564e+12,1.3564e+12,0,1.3564e+12,1.3564e+12,1.3564e+12,1.3564e+12,1.3564e+12,1.3564e+12,0,0,0,0,0,0,0,0,0,0,0,0,0,0,0,0,0,0,0,0,0,0,17389,17389,17389,17389,17389,17389,0,5009.4,5009.4,5009.4,5009.4,5009.4,5009.4,0,3041.1,3041.1,3041.1,3041.1,3041.1,3041.1,0,1,0
1,0.99996,0.99996,0.99996,0.99996,0.99996,0.99996,0,1.3553e+12,1.3553e+12,1.3553e+12,1.3553e+12,1.3553e+12,1.3553e+12,0,1.3564e+12,1.3564e+12,1.3564e+12,1.3564e+12,1.3564e+12,1.3564e+12,0,-7.3136e+09,-7.3136e+09,-7.3136e+09,-7.3136e+09,-7.3136e+09,-7.3136e+09,0,-1.0759e+09,-1.0759e+09,-1.0759e+09,-1.0759e+09,-1.0759e+09,-1.0759e+09,0,0,0,0,0,0,0,0,17389,17389,17389,17389,17389,17389,0,5009.2,5009.2,5009.2,5009.2,5009.2,5009.2,0,3040.9,3040.9,3040.9,3040.9,3040.9,3040.9,0,1,1
1,0.9999,0.9999,0.9999,0.9999,0.9999,0.9999,0,1.3543e+12,1.3543e+12,1.3543e+12,1.3543e+12,1.3543e+12,1.3543e+12,0,1.3564e+12,1.3564e+12,1.3564e+12,1.3564e+12,1.3564e+12,1.3564e+12,0,-1.8288e+10,-1.8288e+10,-1.8288e+10,-1.8288e+10,-1.8288e+10,-1.8288e+10,0,-2.1041e+09,-2.1041e+09,-2.1041e+09,-2.1041e+09,-2.1041e+09,-2.1041e+09,0,0,0,0,0,0,0,0,17388,17388,17388,17388,17388,17388,0,5008.9,5008.9,5008.9,5008.9,5008.9,5008.9,0,3040.6,3040.6,3040.6,3040.6,3040.6,3040.6,0,1,2
1,0.99983,0.99983,0.99983,0.99983,0.99983,0.99983,0,1.3534e+12,1.3534e+12,1.3534e+12,1.3534e+12,1.3534e+12,1.3534e+12,0,1.3564e+12,1.3564e+12,1.3564e+12,1.3564e+12,1.3564e+12,1.3564e+12,0,-3.2642e+10,-3.2642e+10,-3.2642e+10,-3.2642e+10,-3.2642e+10,-3.2642e+10,0,-3.0337e+09,-3.0337e+09,-3.0337e+09,-3.0337e+09,-3.0337e+09,-3.0337e+09,0,0,0,0,0,0,0,0,17388,17388,17388,17388,17388,17388,0,5008.5,5008.5,5008.5,5008.5,5008.5,5008.5,0,3040.2,3040.2,3040.2,3040.2,3040.2,3040.2,0,1,3
1,0.99974,0.99974,0.99974,0.99974,0.99974,0.99974,0,1.3526e+12,1.3526e+12,1.3526e+12,1.3526e+12,1.3526e+12,1.3526e+12,0,1.3564e+12,1.3564e+12,1.3564e+12,1.3564e+12,1.3564e+12,1.3564e+12,0,-5.0057e+10,-5.0057e+10,-5.0057e+10,-5.0057e+10,-5.0057e+10,-5.0057e+10,0,-3.8618e+09,-3.8618e+09,-3.8618e+09,-3.8618e+09,-3.8618e+09,-3.8618e+09,0,0,0,0,0,0,0,0,17388,17388,17388,17388,17388,17388,0,5007.9,5007.9,5007.9,5007.9,5007.9,5007.9,0,3039.7,3039.7,3039.7,3039.7,3039.7,3039.7,0,1,4
1,0.99964,0.99964,0.99964,0.99964,0.99964,0.99964,0,1.3518e+12,1.3518e+12,1.3518e+12,1.3518e+12,1.3518e+12,1.3518e+12,0,1.3564e+12,1.3564e+12,1.3564e+12,1.3564e+12,1.3564e+12,1.3564e+12,0,-7.0289e+10,-7.0289e+10,-7.0289e+10,-7.0289e+10,-7.0289e+10,-7.0289e+10,0,-4.5898e+09,-4.5898e+09,-4.5898e+09,-4.5898e+09,-4.5898e+09,-4.5898e+09,0,0,0,0,0,0,0,0,17388,17388,17388,17388,17388,17388,0,5007.2,5007.2,5007.2,5007.2,5007.2,5007.2,0,3039.2,3039.2,3039.2,3039.2,3039.2,3039.2,0,1,5
1,0.99952,0.99952,0.99952,0.99952,0.99952,0.99952,0,1.3512e+12,1.3512e+12,1.3512e+12,1.3512e+12,1.3512e+12,1.3512e+12,0,1.3564e+12,1.3564e+12,1.3564e+12,1.3564e+12,1.3564e+12,1.3564e+12,0,-9.3141e+10,-9.3141e+10,-9.3141e+10,-9.3141e+10,-9.3141e+10,-9.3141e+10,0,-5.2202e+09,-5.2202e+09,-5.2202e+09,-5.2202e+09,-5.2202e+09,-5.2202e+09,0,0,0,0,0,0,0,0,17387,17387,17387,17387,17387,17387,0,5006.4,5006.4,5006.4,5006.4,5006.4,5006.4,0,3038.6,3038.6,3038.6,3038.6,3038.6,3038.6,0,1,6
1,0.9994,0.9994,0.9994,0.9994,0.9994,0.9994,0,1.3507e+12,1.3507e+12,1.3507e+12,1.3507e+12,1.3507e+12,1.3507e+12,0,1.3564e+12,1.3564e+12,1.3564e+12,1.3564e+12,1.3564e+12,1.3564e+12,0,-1.1847e+11,-1.1847e+11,-1.1847e+11,-1.1847e+11,-1.1847e+11,-1.1847e+11,0,-5.7561e+09,-5.7561e+09,-5.7561e+09,-5.7561e+09,-5.7561e+09,-5.7561e+09,0,0,0,0,0,0,0,0,17387,17387,17387,17387,17387,17387,0,5005.5,5005.5,5005.5,5005.5,5005.5,5005.5,0,3037.9,3037.9,3037.9,3037.9,3037.9,3037.9,0,1,7
1,0.99926,0.99926,0.99926,0.99926,0.99926,0.99926,0,1.3502e+12,1.3502e+12,1.3502e+12,1.3502e+12,1.3502e+12,1.3502e+12,0,1.3564e+12,1.3564e+12,1.3564e+12,1.3564e+12,1.3564e+12,1.3564e+12,0,-1.4614e+11,-1.4614e+11,-1.4614e+11,-1.4614e+11,-1.4614e+11,-1.4614e+11,0,-6.201e+09,-6.201e+09,-6.201e+09,-6.201e+09,-6.201e+09,-6.201e+09,0,0,0,0,0,0,0,0,17386,17386,17386,17386,17386,17386,0,5004.6,5004.6,5004.6,5004.6,5004.6,5004.6,0,3037.2,3037.2,3037.2,3037.2,3037.2,3037.2,0,1,8
1,0.99912,0.99912,0.99912,0.99912,0.99912,0.99912,0,1.3499e+12,1.3499e+12,1.3499e+12,1.3499e+12,1.3499e+12,1.3499e+12,0,1.3564e+12,1.3564e+12,1.3564e+12,1.3564e+12,1.3564e+12,1.3564e+12,0,-1.7606e+11,-1.7606e+11,-1.7606e+11,-1.7606e+11,-1.7606e+11,-1.7606e+11,0,-6.5584e+09,-6.5584e+09,-6.5584e+09,-6.5584e+09,-6.5584e+09,-6.5584e+09,0,0,0,0,0,0,0,0,17386,17386,17386,17386,17386,17386,0,5003.5,5003.5,5003.5,5003.5,5003.5,5003.5,0,3036.5,3036.5,3036.5,3036.5,3036.5,3036.5,0,1,9
1,0.99896,0.99896,0.99896,0.99896,0.99896,0.99896,0,1.3496e+12,1.3496e+12,1.3496e+12,1.3496e+12,1.3496e+12,1.3496e+12,0,1.3564e+12,1.3564e+12,1.3564e+12,1.3564e+12,1.3564e+12,1.3564e+12,0,-2.0813e+11,-2.0813e+11,-2.0813e+11,-2.0813e+11,-2.0813e+11,-2.0813e+11,0,-6.8317e+09,-6.8317e+09,-6.8317e+09,-6.8317e+09,-6.8317e+09,-6.8317e+09,0,0,0,0,0,0,0,0,17385,17385,17385,17385,17385,17385,0,5002.3,5002.3,5002.3,5002.3,5002.3,5002.3,0,3035.7,3035.7,3035.7,3035.7,3035.7,3035.7,0,1,10
1,0.9988,0.9988,0.9988,0.9988,0.9988,0.9988,0,1.3494e+12,1.3494e+12,1.3494e+12,1.3494e+12,1.3494e+12,1.3494e+12,0,1.3564e+12,1.3564e+12,1.3564e+12,1.3564e+12,1.3564e+12,1.3564e+12,0,-2.4229e+11,-2.4229e+11,-2.4229e+11,-2.4229e+11,-2.4229e+11,-2.4229e+11,0,-7.024e+09,-7.024e+09,-7.024e+09,-7.024e+09,-7.024e+09,-7.024e+09,0,0,0,0,0,0,0,0,17385,17385,17385,17385,17385,17385,0,5001,5001,5001,5001,5001,5001,0,3034.8,3034.8,3034.8,3034.8,3034.8,3034.8,0,1,11
1,0.99863,0.99863,0.99863,0.99863,0.99863,0.99863,0,1.3493e+12,1.3493e+12,1.3493e+12,1.3493e+12,1.3493e+12,1.3493e+12,0,1.3564e+12,1.3564e+12,1.3564e+12,1.3564e+12,1.3564e+12,1.3564e+12,0,-2.7848e+11,-2.7848e+11,-2.7848e+11,-2.7848e+11,-2.7848e+11,-2.7848e+11,0,-7.1385e+09,-7.1385e+09,-7.1385e+09,-7.1385e+09,-7.1385e+09,-7.1385e+09,0,0,0,0,0,0,0,0,17384,17384,17384,17384,17384,17384,0,4999.7,4999.7,4999.7,4999.7,4999.7,4999.7,0,3033.9,3033.9,3033.9,3033.9,3033.9,3033.9,0,1,12
1,0.99846,0.99846,0.99846,0.99846,0.99846,0.99846,0,1.3492e+12,1.3492e+12,1.3492e+12,1.3492e+12,1.3492e+12,1.3492e+12,0,1.3564e+12,1.3564e+12,1.3564e+12,1.3564e+12,1.3564e+12,1.3564e+12,0,-3.1662e+11,-3.1662e+11,-3.1662e+11,-3.1662e+11,-3.1662e+11,-3.1662e+11,0,-7.178e+09,-7.178e+09,-7.178e+09,-7.178e+09,-7.178e+09,-7.178e+09,0,0,0,0,0,0,0,0,17383,17383,17383,17383,17383,17383,0,4998.2,4998.2,4998.2,4998.2,4998.2,4998.2,0,3033,3033,3033,3033,3033,3033,0,1,13
1,0.99828,0.99828,0.99828,0.99828,0.99828,0.99828,0,1.3493e+12,1.3493e+12,1.3493e+12,1.3493e+12,1.3493e+12,1.3493e+12,0,1.3564e+12,1.3564e+12,1.3564e+12,1.3564e+12,1.3564e+12,1.3564e+12,0,-3.5669e+11,-3.5669e+11,-3.5669e+11,-3.5669e+11,-3.5669e+11,-3.5669e+11,0,-7.1451e+09,-7.1451e+09,-7.1451e+09,-7.1451e+09,-7.1451e+09,-7.1451e+09,0,0,0,0,0,0,0,0,17382,17382,17382,17382,17382,17382,0,4996.7,4996.7,4996.7,4996.7,4996.7,4996.7,0,3032,3032,3032,3032,3032,3032,0,1,14
1,0.99809,0.99809,0.99809,0.99809,0.99809,0.99809,0,1.3494e+12,1.3494e+12,1.3494e+12,1.3494e+12,1.3494e+12,1.3494e+12,0,1.3564e+12,1.3564e+12,1.3564e+12,1.3564e+12,1.3564e+12,1.3564e+12,0,-3.9862e+11,-3.9862e+11,-3.9862e+11,-3.9862e+11,-3.9862e+11,-3.9862e+11,0,-7.0425e+09,-7.0425e+09,-7.0425e+09,-7.0425e+09,-7.0425e+09,-7.0425e+09,0,0,0,0,0,0,0,0,17382,17382,17382,17382,17382,17382,0,4995.1,4995.1,4995.1,4995.1,4995.1,4995.1,0,3031,3031,3031,3031,3031,3031,0,1,15
1,0.9979,0.9979,0.9979,0.9979,0.9979,0.9979,0,1.3495e+12,1.3495e+12,1.3495e+12,1.3495e+12,1.3495e+12,1.3495e+12,0,1.3564e+12,1.3564e+12,1.3564e+12,1.3564e+12,1.3564e+12,1.3564e+12,0,-4.4237e+11,-4.4237e+11,-4.4237e+11,-4.4237e+11,-4.4237e+11,-4.4237e+11,0,-6.8724e+09,-6.8724e+09,-6.8724e+09,-6.8724e+09,-6.8724e+09,-6.8724e+09,0,0,0,0,0,0,0,0,17381,17381,17381,17381,17381,17381,0,4993.4,4993.4,4993.4,4993.4,4993.4,4993.4,0,3029.9,3029.9,3029.9,3029.9,3029.9,3029.9,0,1,16
1,0.99771,0.99771,0.99771,0.99771,0.99771,0.99771,0,1.3498e+12,1.3498e+12,1.3498e+12,1.3498e+12,1.3498e+12,1.3498e+12,0,1.3564e+12,1.3564e+12,1.3564e+12,1.3564e+12,1.3564e+12,1.3564e+12,0,-4.8792e+11,-4.8792e+11,-4.8792e+11,-4.8792e+11,-4.8792e+11,-4.8792e+11,0,-6.637e+09,-6.637e+09,-6.637e+09,-6.637e+09,-6.637e+09,-6.637e+09,0,0,0,0,0,0,0,0,17380,17380,17380,17380,17380,17380,0,4991.6,4991.6,4991.6,4991.6,4991.6,4991.6,0,3028.9,3028.9,3028.9,3028.9,3028.9,3028.9,0,1,17
1,0.99751,0.99751,0.99751,0.99751,0.99751,0.99751,0,1.3501e+12,1.3501e+12,1.3501e+12,1.3501e+12,1.3501e+12,1.3501e+12,0,1.3564e+12,1.3564e+12,1.3564e+12,1.3564e+12,1.3564e+12,1.3564e+12,0,-5.3523e+11,-5.3523e+11,-5.3523e+11,-5.3523e+11,-5.3523e+11,-5.3523e+11,0,-6.3383e+09,-6.3383e+09,-6.3383e+09,-6.3383e+09,-6.3383e+09,-6.3383e+09,0,0,0,0,0,0,0,0,17379,17379,17379,17379,17379,17379,0,4989.8,4989.8,4989.8,4989.8,4989.8,4989.8,0,3027.8,3027.8,3027.8,3027.8,3027.8,3027.8,0,1,18
1,0.99731,0.99731,0.99731,0.99731,0.99731,0.99731,0,1.3504e+12,1.3504e+12,1.3504e+12,1.3504e+12,1.3504e+12,1.3504e+12,0,1.3564e+12,1.3564e+12,1.3564e+12,1.3564e+12,1.3564e+12,1.3564e+12,0,-5.8431e+11,-5.8431e+11,-5.8431e+11,-5.8431e+11,-5.8431e+11,-5.8431e+11,0,-5.9781e+09,-5.9781e+09,-5.9781e+09,-5.9781e+09,-5.9781e+09,-5.9781e+09,0,0,0,0,0,0,0,0,17378,17378,17378,17378,17378,17378,0,4987.9,4987.9,4987.9,4987.9,4987.9,4987.9,0,3026.6,3026.6,3026.6,3026.6,3026.6,3026.6,0,1,19
1,0.9971,0.9971,0.9971,0.9971,0.9971,0.9971,0,1.3509e+12,1.3509e+12,1.3509e+12,1.3509e+12,1.3509e+12,1.3509e+12,0,1.3564e+12,1.3564e+12,1.3564e+12,1.3564e+12,1.3564e+12,1.3564e+12,0,-6.351e+11,-6.351e+11,-6.351e+11,-6.351e+11,-6.351e+11,-6.351e+11,0,-5.5583e+09,-5.5583e+09,-5.5583e+09,-5.5583e+09,-5.5583e+09,-5.5583e+09,0,0,0,0,0,0,0,0,17377,17377,17377,17377,17377,17377,0,4985.9,4985.9,4985.9,4985.9,4985.9,4985.9,0,3025.5,3025.5,3025.5,3025.5,3025.5,3025.5,0,1,20
1,0.9969,0.9969,0.9969,0.9969,0.9969,0.9969,0,1.3513e+12,1.3513e+12,1.3513e+12,1.3513e+12,1.3513e+12,1.3513e+12,0,1.3564e+12,1.3564e+12,1.3564e+12,1.3564e+12,1.3564e+12,1.3564e+12,0,-6.8756e+11,-6.8756e+11,-6.8756e+11,-6.8756e+11,-6.8756e+11,-6.8756e+11,0,-5.0806e+09,-5.0806e+09,-5.0806e+09,-5.0806e+09,-5.0806e+09,-5.0806e+09,0,0,0,0,0,0,0,0,17376,17376,17376,17376,17376,17376,0,4983.8,4983.8,4983.8,4983.8,4983.8,4983.8,0,3024.3,3024.3,3024.3,3024.3,3024.3,3024.3,0,1,21
1,0.99669,0.99669,0.99669,0.99669,0.99669,0.99669,0,1.3519e+12,1.3519e+12,1.3519e+12,1.3519e+12,1.3519e+12,1.3519e+12,0,1.3564e+12,1.3564e+12,1.3564e+12,1.3564e+12,1.3564e+12,1.3564e+12,0,-7.4163e+11,-7.4163e+11,-7.4163e+11,-7.4163e+11,-7.4163e+11,-7.4163e+11,0,-4.5462e+09,-4.5462e+09,-4.5462e+09,-4.5462e+09,-4.5462e+09,-4.5462e+09,0,0,0,0,0,0,0,0,17375,17375,17375,17375,17375,17375,0,4981.7,4981.7,4981.7,4981.7,4981.7,4981.7,0,3023.1,3023.1,3023.1,3023.1,3023.1,3023.1,0,1,22
1,0.99648,0.99648,0.99648,0.99648,0.99648,0.99648,0,1.3525e+12,1.3525e+12,1.3525e+12,1.3525e+12,1.3525e+12,1.3525e+12,0,1.3564e+12,1.3564e+12,1.3564e+12,1.3564e+12,1.3564e+12,1.3564e+12,0,-7.9731e+11,-7.9731e+11,-7.9731e+11,-7.9731e+11,-7.9731e+11,-7.9731e+11,0,-3.9569e+09,-3.9569e+09,-3.9569e+09,-3.9569e+09,-3.9569e+09,-3.9569e+09,0,0,0,0,0,0,0,0,17374,17374,17374,17374,17374,17374,0,4979.5,4979.5,4979.5,4979.5,4979.5,4979.5,0,3021.9,3021.9,3021.9,3021.9,3021.9,3021.9,0,1,23
1,0.99627,0.99627,0.99627,0.99627,0.99627,0.99627,0,1.3531e+12,1.3531e+12,1.3531e+12,1.3531e+12,1.3531e+12,1.3531e+12,0,1.3564e+12,1.3564e+12,1.3564e+12,1.3564e+12,1.3564e+12,1.3564e+12,0,-8.5458e+11,-8.5458e+11,-8.5458e+11,-8.5458e+11,-8.5458e+11,-8.5458e+11,0,-3.3139e+09,-3.3139e+09,-3.3139e+09,-3.3139e+09,-3.3139e+09,-3.3139e+09,0,0,0,0,0,0,0,0,17373,17373,17373,17373,17373,17373,0,4977.2,4977.2,4977.2,4977.2,4977.2,4977.2,0,3020.7,3020.7,3020.7,3020.7,3020.7,3020.7,0,1,24
1,0.99607,0.99607,0.99607,0.99607,0.99607,0.99607,0,1.3538e+12,1.3538e+12,1.3538e+12,1.3538e+12,1.3538e+12,1.3538e+12,0,1.3564e+12,1.3564e+12,1.3564e+12,1.3564e+12,1.3564e+12,1.3564e+12,0,-9.1339e+11,-9.1339e+11,-9.1339e+11,-9.1339e+11,-9.1339e+11,-9.1339e+11,0,-2.6185e+09,-2.6185e+09,-2.6185e+09,-2.6185e+09,-2.6185e+09,-2.6185e+09,0,0,0,0,0,0,0,0,17371,17371,17371,17371,17371,17371,0,4974.9,4974.9,4974.9,4974.9,4974.9,4974.9,0,3019.4,3019.4,3019.4,3019.4,3019.4,3019.4,0,1,25
1,0.99586,0.99586,0.99586,0.99586,0.99586,0.99586,0,1.3545e+12,1.3545e+12,1.3545e+12,1.3545e+12,1.3545e+12,1.3545e+12,0,1.3564e+12,1.3564e+12,1.3564e+12,1.3564e+12,1.3564e+12,1.3564e+12,0,-9.7375e+11,-9.7375e+11,-9.7375e+11,-9.7375e+11,-9.7375e+11,-9.7375e+11,0,-1.8719e+09,-1.8719e+09,-1.8719e+09,-1.8719e+09,-1.8719e+09,-1.8719e+09,0,0,0,0,0,0,0,0,17370,17370,17370,17370,17370,17370,0,4972.5,4972.5,4972.5,4972.5,4972.5,4972.5,0,3018.2,3018.2,3018.2,3018.2,3018.2,3018.2,0,1,26
1,0.99565,0.99565,0.99565,0.99565,0.99565,0.99565,0,1.3553e+12,1.3553e+12,1.3553e+12,1.3553e+12,1.3553e+12,1.3553e+12,0,1.3564e+12,1.3564e+12,1.3564e+12,1.3564e+12,1.3564e+12,1.3564e+12,0,-1.0356e+12,-1.0356e+12,-1.0356e+12,-1.0356e+12,-1.0356e+12,-1.0356e+12,0,-1.0752e+09,-1.0752e+09,-1.0752e+09,-1.0752e+09,-1.0752e+09,-1.0752e+09,0,0,0,0,0,0,0,0,17369,17369,17369,17369,17369,17369,0,4970,4970,4970,4970,4970,4970,0,3016.9,3016.9,3016.9,3016.9,3016.9,3016.9,0,1,27
1,0.99545,0.99545,0.99545,0.99545,0.99545,0.99545,0,1.3562e+12,1.3562e+12,1.3562e+12,1.3562e+12,1.3562e+12,1.3562e+12,0,1.3564e+12,1.3564e+12,1.3564e+12,1.3564e+12,1.3564e+12,1.3564e+12,0,-1.0989e+12,-1.0989e+12,-1.0989e+12,-1.0989e+12,-1.0989e+12,-1.0989e+12,0,-2.2958e+08,-2.2958e+08,-2.2958e+08,-2.2958e+08,-2.2958e+08,-2.2958e+08,0,0,0,0,0,0,0,0,17368,17368,17368,17368,17368,17368,0,4967.5,4967.5,4967.5,4967.5,4967.5,4967.5,0,3015.7,3015.7,3015.7,3015.7,3015.7,3015.7,0,1,28
1,0.99524,0.99524,0.99524,0.99524,0.99524,0.99524,0,1.3571e+12,1.3571e+12,1.3571e+12,1.3571e+12,1.3571e+12,1.3571e+12,0,1.3564e+12,1.3564e+12,1.3564e+12,1.3564e+12,1.3564e+12,1.3564e+12,0,-1.1637e+12,-1.1637e+12,-1.1637e+12,-1.1637e+12,-1.1637e+12,-1.1637e+12,0,6.641e+08,6.641e+08,6.641e+08,6.641e+08,6.641e+08,6.641e+08,0,0,0,0,0,0,0,0,17366,17366,17366,17366,17366,17366,0,4964.9,4964.9,4964.9,4964.9,4964.9,4964.9,0,3014.4,3014.4,3014.4,3014.4,3014.4,3014.4,0,1,29
1,0.99504,0.99504,0.99504,0.99504,0.99504,0.99504,0,1.358e+12,1.358e+12,1.358e+12,1.358e+12,1.358e+12,1.358e+12,0,1.3564e+12,1.3564e+12,1.3564e+12,1.3564e+12,1.3564e+12,1.3564e+12,0,-1.23e+12,-1.23e+12,-1.23e+12,-1.23e+12,-1.23e+12,-1.23e+12,0,1.6049e+09,1.6049e+09,1.6049e+09,1.6049e+09,1.6049e+09,1.6049e+09,0,0,0,0,0,0,0,0,17365,17365,17365,17365,17365,17365,0,4962.3,4962.3,4962.3,4962.3,4962.3,4962.3,0,3013.1,3013.1,3013.1,3013.1,3013.1,3013.1,0,1,30
1,0.99484,0.99484,0.99484,0.99484,0.99484,0.99484,0,1.359e+12,1.359e+12,1.359e+12,1.359e+12,1.359e+12,1.359e+12,0,1.3564e+12,1.3564e+12,1.3564e+12,1.3564e+12,1.3564e+12,1.3564e+12,0,-1.2977e+12,-1.2977e+12,-1.2977e+12,-1.2977e+12,-1.2977e+12,-1.2977e+12,0,2.5689e+09,2.5689e+09,2.5689e+09,2.5689e+09,2.5689e+09,2.5689e+09,0,0,0,0,0,0,0,0,17364,17364,17364,17364,17364,17364,0,4959.6,4959.6,4959.6,4959.6,4959.6,4959.6,0,3011.8,3011.8,3011.8,3011.8,3011.8,3011.8,0,1,31
1,0.99465,0.99465,0.99465,0.99465,0.99465,0.99465,0,1.3599e+12,1.3599e+12,1.3599e+12,1.3599e+12,1.3599e+12,1.3599e+12,0,1.3564e+12,1.3564e+12,1.3564e+12,1.3564e+12,1.3564e+12,1.3564e+12,0,-1.3668e+12,-1.3668e+12,-1.3668e+12,-1.3668e+12,-1.3668e+12,-1.3668e+12,0,3.5062e+09,3.5062e+09,3.5062e+09,3.5062e+09,3.5062e+09,3.5062e+09,0,0,0,0,0,0,0,0,17362,17362,17362,17362,17362,17362,0,4956.9,4956.9,4956.9,4956.9,4956.9,4956.9,0,3010.5,3010.5,3010.5,3010.5,3010.5,3010.5,0,1,32
1,0.99445,0.99445,0.99445,0.99445,0.99445,0.99445,0,1.3608e+12,1.3608e+12,1.3608e+12,1.3608e+12,1.3608e+12,1.3608e+12,0,1.3564e+12,1.3564e+12,1.3564e+12,1.3564e+12,1.3564e+12,1.3564e+12,0,-1.4373e+12,-1.4373e+12,-1.4373e+12,-1.4373e+12,-1.4373e+12,-1.4373e+12,0,4.4142e+09,4.4142e+09,4.4142e+09,4.4142e+09,4.4142e+09,4.4142e+09,0,0,0,0,0,0,0,0,17361,17361,17361,17361,17361,17361,0,4954.1,4954.1,4954.1,4954.1,4954.1,4954.1,0,3009.2,3009.2,3009.2,3009.2,3009.2,3009.2,0,1,33
1,0.99427,0.99427,0.99427,0.99427,0.99427,0.99427,0,1.3617e+12,1.3617e+12,1.3617e+12,1.3617e+12,1.3617e+12,1.3617e+12,0,1.3564e+12,1.3564e+12,1.3564e+12,1.3564e+12,1.3564e+12,1.3564e+12,0,-1.5092e+12,-1.5092e+12,-1.5092e+12,-1.5092e+12,-1.5092e+12,-1.5092e+12,0,5.2934e+09,5.2934e+09,5.2934e+09,5.2934e+09,5.2934e+09,5.2934e+09,0,0,0,0,0,0,0,0,17359,17359,17359,17359,17359,17359,0,4951.3,4951.3,4951.3,4951.3,4951.3,4951.3,0,3007.9,3007.9,3007.9,3007.9,3007.9,3007.9,0,1,34
1,0.99408,0.99408,0.99408,0.99408,0.99408,0.99408,0,1.3626e+12,1.3626e+12,1.3626e+12,1.3626e+12,1.3626e+12,1.3626e+12,0,1.3564e+12,1.3564e+12,1.3564e+12,1.3564e+12,1.3564e+12,1.3564e+12,0,-1.5824e+12,-1.5824e+12,-1.5824e+12,-1.5824e+12,-1.5824e+12,-1.5824e+12,0,6.1447e+09,6.1447e+09,6.1447e+09,6.1447e+09,6.1447e+09,6.1447e+09,0,0,0,0,0,0,0,0,17358,17358,17358,17358,17358,17358,0,4948.5,4948.5,4948.5,4948.5,4948.5,4948.5,0,3006.7,3006.7,3006.7,3006.7,3006.7,3006.7,0,1,35
1,0.9939,0.9939,0.9939,0.9939,0.9939,0.9939,0,1.3634e+12,1.3634e+12,1.3634e+12,1.3634e+12,1.3634e+12,1.3634e+12,0,1.3564e+12,1.3564e+12,1.3564e+12,1.3564e+12,1.3564e+12,1.3564e+12,0,-1.6569e+12,-1.6569e+12,-1.6569e+12,-1.6569e+12,-1.6569e+12,-1.6569e+12,0,6.9694e+09,6.9694e+09,6.9694e+09,6.9694e+09,6.9694e+09,6.9694e+09,0,0,0,0,0,0,0,0,17356,17356,17356,17356,17356,17356,0,4945.5,4945.5,4945.5,4945.5,4945.5,4945.5,0,3005.4,3005.4,3005.4,3005.4,3005.4,3005.4,0,1,36
1,0.99373,0.99373,0.99373,0.99373,0.99373,0.99373,0,1.3642e+12,1.3642e+12,1.3642e+12,1.3642e+12,1.3642e+12,1.3642e+12,0,1.3564e+12,1.3564e+12,1.3564e+12,1.3564e+12,1.3564e+12,1.3564e+12,0,-1.7329e+12,-1.7329e+12,-1.7329e+12,-1.7329e+12,-1.7329e+12,-1.7329e+12,0,7.7689e+09,7.7689e+09,7.7689e+09,7.7689e+09,7.7689e+09,7.7689e+09,0,0,0,0,0,0,0,0,17355,17355,17355,17355,17355,17355,0,4942.6,4942.6,4942.6,4942.6,4942.6,4942.6,0,3004.1,3004.1,3004.1,3004.1,3004.1,3004.1,0,1,37
1,0.99356,0.99356,0.99356,0.99356,0.99356,0.99356,0,1.365e+12,1.365e+12,1.365e+12,1.365e+12,1.365e+12,1.365e+12,0,1.3564e+12,1.3564e+12,1.3564e+12,1.3564e+12,1.3564e+12,1.3564e+12,0,-1.8101e+12,-1.8101e+12,-1.8101e+12,-1.8101e+12,-1.8101e+12,-1.8101e+12,0,8.5446e+09,8.5446e+09,8.5446e+09,8.5446e+09,8.5446e+09,8.5446e+09,0,0,0,0,0,0,0,0,17353,17353,17353,17353,17353,17353,0,4939.6,4939.6,4939.6,4939.6,4939.6,4939.6,0,3002.8,3002.8,3002.8,3002.8,3002.8,3002.8,0,1,38
1,0.99339,0.99339,0.99339,0.99339,0.99339,0.99339,0,1.3657e+12,1.3657e+12,1.3657e+12,1.3657e+12,1.3657e+12,1.3657e+12,0,1.3564e+12,1.3564e+12,1.3564e+12,1.3564e+12,1.3564e+12,1.3564e+12,0,-1.8887e+12,-1.8887e+12,-1.8887e+12,-1.8887e+12,-1.8887e+12,-1.8887e+12,0,9.2978e+09,9.2978e+09,9.2978e+09,9.2978e+09,9.2978e+09,9.2978e+09,0,0,0,0,0,0,0,0,17352,17352,17352,17352,17352,17352,0,4936.6,4936.6,4936.6,4936.6,4936.6,4936.6,0,3001.6,3001.6,3001.6,3001.6,3001.6,3001.6,0,1,39
1,0.99324,0.99324,0.99324,0.99324,0.99324,0.99324,0,1.3664e+12,1.3664e+12,1.3664e+12,1.3664e+12,1.3664e+12,1.3664e+12,0,1.3564e+12,1.3564e+12,1.3564e+12,1.3564e+12,1.3564e+12,1.3564e+12,0,-1.9685e+12,-1.9685e+12,-1.9685e+12,-1.9685e+12,-1.9685e+12,-1.9685e+12,0,1.003e+10,1.003e+10,1.003e+10,1.003e+10,1.003e+10,1.003e+10,0,0,0,0,0,0,0,0,17350,17350,17350,17350,17350,17350,0,4933.6,4933.6,4933.6,4933.6,4933.6,4933.6,0,3000.3,3000.3,3000.3,3000.3,3000.3,3000.3,0,1,40
1,0.99308,0.99308,0.99308,0.99308,0.99308,0.99308,0,1.3672e+12,1.3672e+12,1.3672e+12,1.3672e+12,1.3672e+12,1.3672e+12,0,1.3564e+12,1.3564e+12,1.3564e+12,1.3564e+12,1.3564e+12,1.3564e+12,0,-2.0496e+12,-2.0496e+12,-2.0496e+12,-2.0496e+12,-2.0496e+12,-2.0496e+12,0,1.0742e+10,1.0742e+10,1.0742e+10,1.0742e+10,1.0742e+10,1.0742e+10,0,0,0,0,0,0,0,0,17349,17349,17349,17349,17349,17349,0,4930.5,4930.5,4930.5,4930.5,4930.5,4930.5,0,2999.1,2999.1,2999.1,2999.1,2999.1,2999.1,0,1,41
1,0.99294,0.99294,0.99294,0.99294,0.99294,0.99294,0,1.3678e+12,1.3678e+12,1.3678e+12,1.3678e+12,1.3678e+12,1.3678e+12,0,1.3564e+12,1.3564e+12,1.3564e+12,1.3564e+12,1.3564e+12,1.3564e+12,0,-2.1319e+12,-2.1319e+12,-2.1319e+12,-2.1319e+12,-2.1319e+12,-2.1319e+12,0,1.1435e+10,1.1435e+10,1.1435e+10,1.1435e+10,1.1435e+10,1.1435e+10,0,0,0,0,0,0,0,0,17347,17347,17347,17347,17347,17347,0,4927.4,4927.4,4927.4,4927.4,4927.4,4927.4,0,2997.8,2997.8,2997.8,2997.8,2997.8,2997.8,0,1,42
1,0.9928,0.9928,0.9928,0.9928,0.9928,0.9928,0,1.3685e+12,1.3685e+12,1.3685e+12,1.3685e+12,1.3685e+12,1.3685e+12,0,1.3564e+12,1.3564e+12,1.3564e+12,1.3564e+12,1.3564e+12,1.3564e+12,0,-2.2155e+12,-2.2155e+12,-2.2155e+12,-2.2155e+12,-2.2155e+12,-2.2155e+12,0,1.211e+10,1.211e+10,1.211e+10,1.211e+10,1.211e+10,1.211e+10,0,0,0,0,0,0,0,0,17345,17345,17345,17345,17345,17345,0,4924.2,4924.2,4924.2,4924.2,4924.2,4924.2,0,2996.6,2996.6,2996.6,2996.6,2996.6,2996.6,0,1,43
1,0.99266,0.99266,0.99266,0.99266,0.99266,0.99266,0,1.3692e+12,1.3692e+12,1.3692e+12,1.3692e+12,1.3692e+12,1.3692e+12,0,1.3564e+12,1.3564e+12,1.3564e+12,1.3564e+12,1.3564e+12,1.3564e+12,0,-2.3003e+12,-2.3003e+12,-2.3003e+12,-2.3003e+12,-2.3003e+12,-2.3003e+12,0,1.2768e+10,1.2768e+10,1.2768e+10,1.2768e+10,1.2768e+10,1.2768e+10,0,0,0,0,0,0,0,0,17344,17344,17344,17344,17344,17344,0,4921.1,4921.1,4921.1,4921.1,4921.1,4921.1,0,2995.4,2995.4,2995.4,2995.4,2995.4,2995.4,0,1,44
1,0.99254,0.99254,0.99254,0.99254,0.99254,0.99254,0,1.3698e+12,1.3698e+12,1.3698e+12,1.3698e+12,1.3698e+12,1.3698e+12,0,1.3564e+12,1.3564e+12,1.3564e+12,1.3564e+12,1.3564e+12,1.3564e+12,0,-2.3863e+12,-2.3863e+12,-2.3863e+12,-2.3863e+12,-2.3863e+12,-2.3863e+12,0,1.3411e+10,1.3411e+10,1.3411e+10,1.3411e+10,1.3411e+10,1.3411e+10,0,0,0,0,0,0,0,0,17342,17342,17342,17342,17342,17342,0,4917.9,4917.9,4917.9,4917.9,4917.9,4917.9,0,2994.2,2994.2,2994.2,2994.2,2994.2,2994.2,0,1,45
1,0.99242,0.99242,0.99242,0.99242,0.99242,0.99242,0,1.3705e+12,1.3705e+12,1.3705e+12,1.3705e+12,1.3705e+12,1.3705e+12,0,1.3564e+12,1.3564e+12,1.3564e+12,1.3564e+12,1.3564e+12,1.3564e+12,0,-2.4735e+12,-2.4735e+12,-2.4735e+12,-2.4735e+12,-2.4735e+12,-2.4735e+12,0,1.4038e+10,1.4038e+10,1.4038e+10,1.4038e+10,1.4038e+10,1.4038e+10,0,0,0,0,0,0,0,0,17340,17340,17340,17340,17340,17340,0,4914.7,4914.7,4914.7,4914.7,4914.7,4914.7,0,2993,2993,2993,2993,2993,2993,0,1,46
1,0.9923,0.9923,0.9923,0.9923,0.9923,0.9923,0,1.3711e+12,1.3711e+12,1.3711e+12,1.3711e+12,1.3711e+12,1.3711e+12,0,1.3564e+12,1.3564e+12,1.3564e+12,1.3564e+12,1.3564e+12,1.3564e+12,0,-2.5619e+12,-2.5619e+12,-2.5619e+12,-2.5619e+12,-2.5619e+12,-2.5619e+12,0,1.4651e+10,1.4651e+10,1.4651e+10,1.4651e+10,1.4651e+10,1.4651e+10,0,0,0,0,0,0,0,0,17339,17339,17339,17339,17339,17339,0,4911.5,4911.5,4911.5,4911.5,4911.5,4911.5,0,2991.8,2991.8,2991.8,2991.8,2991.8,2991.8,0,1,47
1,0.99219,0.99219,0.99219,0.99219,0.99219,0.99219,0,1.3717e+12,1.3717e+12,1.3717e+12,1.3717e+12,1.3717e+12,1.3717e+12,0,1.3564e+12,1.3564e+12,1.3564e+12,1.3564e+12,1.3564e+12,1.3564e+12,0,-2.6514e+12,-2.6514e+12,-2.6514e+12,-2.6514e+12,-2.6514e+12,-2.6514e+12,0,1.5251e+10,1.5251e+10,1.5251e+10,1.5251e+10,1.5251e+10,1.5251e+10,0,0,0,0,0,0,0,0,17337,17337,17337,17337,17337,17337,0,4908.2,4908.2,4908.2,4908.2,4908.2,4908.2,0,2990.7,2990.7,2990.7,2990.7,2990.7,2990.7,0,1,48
1,0.99209,0.99209,0.99209,0.99209,0.99209,0.99209,0,1.3723e+12,1.3723e+12,1.3723e+12,1.3723e+12,1.3723e+12,1.3723e+12,0,1.3564e+12,1.3564e+12,1.3564e+12,1.3564e+12,1.3564e+12,1.3564e+12,0,-2.7421e+12,-2.7421e+12,-2.7421e+12,-2.7421e+12,-2.7421e+12,-2.7421e+12,0,1.5837e+10,1.5837e+10,1.5837e+10,1.5837e+10,1.5837e+10,1.5837e+10,0,0,0,0,0,0,0,0,17336,17336,17336,17336,17336,17336,0,4905,4905,4905,4905,4905,4905,0,2989.5,2989.5,2989.5,2989.5,2989.5,2989.5,0,1,49
1,0.992,0.992,0.992,0.992,0.992,0.992,0,1.3728e+12,1.3728e+12,1.3728e+12,1.3728e+12,1.3728e+12,1.3728e+12,0,1.3564e+12,1.3564e+12,1.3564e+12,1.3564e+12,1.3564e+12,1.3564e+12,0,-2.834e+12,-2.834e+12,-2.834e+12,-2.834e+12,-2.834e+12,-2.834e+12,0,1.6411e+10,1.6411e+10,1.6411e+10,1.6411e+10,1.6411e+10,1.6411e+10,0,0,0,0,0,0,0,0,17334,17334,17334,17334,17334,17334,0,4901.7,4901.7,4901.7,4901.7,4901.7,4901.7,0,2988.4,2988.4,2988.4,2988.4,2988.4,2988.4,0,1,50
1,0.99191,0.99191,0.99191,0.99191,0.99191,0.99191,0,1.3734e+12,1.3734e+12,1.3734e+12,1.3734e+12,1.3734e+12,1.3734e+12,0,1.3564e+12,1.3564e+12,1.3564e+12,1.3564e+12,1.3564e+12,1.3564e+12,0,-2.927e+12,-2.927e+12,-2.927e+12,-2.927e+12,-2.927e+12,-2.927e+12,0,1.6974e+10,1.6974e+10,1.6974e+10,1.6974e+10,1.6974e+10,1.6974e+10,0,0,0,0,0,0,0,0,17332,17332,17332,17332,17332,17332,0,4898.5,4898.5,4898.5,4898.5,4898.5,4898.5,0,2987.3,2987.3,2987.3,2987.3,2987.3,2987.3,0,1,51
1,0.99183,0.99183,0.99183,0.99183,0.99183,0.99183,0,1.3739e+12,1.3739e+12,1.3739e+12,1.3739e+12,1.3739e+12,1.3739e+12,0,1.3564e+12,1.3564e+12,1.3564e+12,1.3564e+12,1.3564e+12,1.3564e+12,0,-3.0211e+12,-3.0211e+12,-3.0211e+12,-3.0211e+12,-3.0211e+12,-3.0211e+12,0,1.7525e+10,1.7525e+10,1.7525e+10,1.7525e+10,1.7525e+10,1.7525e+10,0,0,0,0,0,0,0,0,17331,17331,17331,17331,17331,17331,0,4895.2,4895.2,4895.2,4895.2,4895.2,4895.2,0,2986.2,2986.2,2986.2,2986.2,2986.2,2986.2,0,1,52
1,0.99176,0.99176,0.99176,0.99176,0.99176,0.99176,0,1.3745e+12,1.3745e+12,1.3745e+12,1.3745e+12,1.3745e+12,1.3745e+12,0,1.3564e+12,1.3564e+12,1.3564e+12,1.3564e+12,1.3564e+12,1.3564e+12,0,-3.1163e+12,-3.1163e+12,-3.1163e+12,-3.1163e+12,-3.1163e+12,-3.1163e+12,0,1.8066e+10,1.8066e+10,1.8066e+10,1.8066e+10,1.8066e+10,1.8066e+10,0,0,0,0,0,0,0,0,17329,17329,17329,17329,17329,17329,0,4891.9,4891.9,4891.9,4891.9,4891.9,4891.9,0,2985.1,2985.1,2985.1,2985.1,2985.1,2985.1,0,1,53
1,0.99169,0.99169,0.99169,0.99169,0.99169,0.99169,0,1.375e+12,1.375e+12,1.375e+12,1.375e+12,1.375e+12,1.375e+12,0,1.3564e+12,1.3564e+12,1.3564e+12,1.3564e+12,1.3564e+12,1.3564e+12,0,-3.2126e+12,-3.2126e+12,-3.2126e+12,-3.2126e+12,-3.2126e+12,-3.2126e+12,0,1.8597e+10,1.8597e+10,1.8597e+10,1.8597e+10,1.8597e+10,1.8597e+10,0,0,0,0,0,0,0,0,17327,17327,17327,17327,17327,17327,0,4888.7,4888.7,4888.7,4888.7,4888.7,4888.7,0,2984,2984,2984,2984,2984,2984,0,1,54
1,0.99163,0.99163,0.99163,0.99163,0.99163,0.99163,0,1.3755e+12,1.3755e+12,1.3755e+12,1.3755e+12,1.3755e+12,1.3755e+12,0,1.3564e+12,1.3564e+12,1.3564e+12,1.3564e+12,1.3564e+12,1.3564e+12,0,-3.3101e+12,-3.3101e+12,-3.3101e+12,-3.3101e+12,-3.3101e+12,-3.3101e+12,0,1.9118e+10,1.9118e+10,1.9118e+10,1.9118e+10,1.9118e+10,1.9118e+10,0,0,0,0,0,0,0,0,17326,17326,17326,17326,17326,17326,0,4885.4,4885.4,4885.4,4885.4,4885.4,4885.4,0,2982.9,2982.9,2982.9,2982.9,2982.9,2982.9,0,1,55
1,0.99157,0.99157,0.99157,0.99157,0.99157,0.99157,0,1.376e+12,1.376e+12,1.376e+12,1.376e+12,1.376e+12,1.376e+12,0,1.3564e+12,1.3564e+12,1.3564e+12,1.3564e+12,1.3564e+12,1.3564e+12,0,-3.4085e+12,-3.4085e+12,-3.4085e+12,-3.4085e+12,-3.4085e+12,-3.4085e+12,0,1.9629e+10,1.9629e+10,1.9629e+10,1.9629e+10,1.9629e+10,1.9629e+10,0,0,0,0,0,0,0,0,17324,17324,17324,17324,17324,17324,0,4882.1,4882.1,4882.1,4882.1,4882.1,4882.1,0,2981.9,2981.9,2981.9,2981.9,2981.9,2981.9,0,1,56
1,0.99152,0.99152,0.99152,0.99152,0.99152,0.99152,0,1.3765e+12,1.3765e+12,1.3765e+12,1.3765e+12,1.3765e+12,1.3765e+12,0,1.3564e+12,1.3564e+12,1.3564e+12,1.3564e+12,1.3564e+12,1.3564e+12,0,-3.5083e+12,-3.5083e+12,-3.5083e+12,-3.5083e+12,-3.5083e+12,-3.5083e+12,0,2.0132e+10,2.0132e+10,2.0132e+10,2.0132e+10,2.0132e+10,2.0132e+10,0,0,0,0,0,0,0,0,17322,17322,17322,17322,17322,17322,0,4878.8,4878.8,4878.8,4878.8,4878.8,4878.8,0,2980.9,2980.9,2980.9,2980.9,2980.9,2980.9,0,1,57
1,0.99148,0.99148,0.99148,0.99148,0.99148,0.99148,0,1.377e+12,1.377e+12,1.377e+12,1.377e+12,1.377e+12,1.377e+12,0,1.3564e+12,1.3564e+12,1.3564e+12,1.3564e+12,1.3564e+12,1.3564e+12,0,-3.6088e+12,-3.6088e+12,-3.6088e+12,-3.6088e+12,-3.6088e+12,-3.6088e+12,0,2.0626e+10,2.0626e+10,2.0626e+10,2.0626e+10,2.0626e+10,2.0626e+10,0,0,0,0,0,0,0,0,17321,17321,17321,17321,17321,17321,0,4875.6,4875.6,4875.6,4875.6,4875.6,4875.6,0,2979.8,2979.8,2979.8,2979.8,2979.8,2979.8,0,1,58
1,0.99144,0.99144,0.99144,0.99144,0.99144,0.99144,0,1.3775e+12,1.3775e+12,1.3775e+12,1.3775e+12,1.3775e+12,1.3775e+12,0,1.3564e+12,1.3564e+12,1.3564e+12,1.3564e+12,1.3564e+12,1.3564e+12,0,-3.7105e+12,-3.7105e+12,-3.7105e+12,-3.7105e+12,-3.7105e+12,-3.7105e+12,0,2.1113e+10,2.1113e+10,2.1113e+10,2.1113e+10,2.1113e+10,2.1113e+10,0,0,0,0,0,0,0,0,17319,17319,17319,17319,17319,17319,0,4872.3,4872.3,4872.3,4872.3,4872.3,4872.3,0,2978.8,2978.8,2978.8,2978.8,2978.8,2978.8,0,1,59
1,0.99141,0.99141,0.99141,0.99141,0.99141,0.99141,0,1.378e+12,1.378e+12,1.378e+12,1.378e+12,1.378e+12,1.378e+12,0,1.3564e+12,1.3564e+12,1.3564e+12,1.3564e+12,1.3564e+12,1.3564e+12,0,-3.8112e+12,-3.8112e+12,-3.8112e+12,-3.8112e+12,-3.8112e+12,-3.8112e+12,0,2.1591e+10,2.1591e+10,2.1591e+10,2.1591e+10,2.1591e+10,2.1591e+10,0,0,0,0,0,0,0,0,17317,17317,17317,17317,17317,17317,0,4869.1,4869.1,4869.1,4869.1,4869.1,4869.1,0,2977.9,2977.9,2977.9,2977.9,2977.9,2977.9,0,1,60
1,0.9914,0.9914,0.9914,0.9914,0.9914,0.9914,0,1.3785e+12,1.3785e+12,1.3785e+12,1.3785e+12,1.3785e+12,1.3785e+12,0,1.3564e+12,1.3564e+12,1.3564e+12,1.3564e+12,1.3564e+12,1.3564e+12,0,-3.9071e+12,-3.9071e+12,-3.9071e+12,-3.9071e+12,-3.9071e+12,-3.9071e+12,0,2.2063e+10,2.2063e+10,2.2063e+10,2.2063e+10,2.2063e+10,2.2063e+10,0,0,0,0,0,0,0,0,17316,17316,17316,17316,17316,17316,0,4866.1,4866.1,4866.1,4866.1,4866.1,4866.1,0,2977,2977,2977,2977,2977,2977,0,1,61
1,0.99139,0.99139,0.99139,0.99139,0.99139,0.99139,0,1.3789e+12,1.3789e+12,1.3789e+12,1.3789e+12,1.3789e+12,1.3789e+12,0,1.3564e+12,1.3564e+12,1.3564e+12,1.3564e+12,1.3564e+12,1.3564e+12,0,-4.0001e+12,-4.0001e+12,-4.0001e+12,-4.0001e+12,-4.0001e+12,-4.0001e+12,0,2.2527e+10,2.2527e+10,2.2527e+10,2.2527e+10,2.2527e+10,2.2527e+10,0,0,0,0,0,0,0,0,17314,17314,17314,17314,17314,17314,0,4863.2,4863.2,4863.2,4863.2,4863.2,4863.2,0,2976.2,2976.2,2976.2,2976.2,2976.2,2976.2,0,1,62
1,0.99139,0.99139,0.99139,0.99139,0.99139,0.99139,0,1.3794e+12,1.3794e+12,1.3794e+12,1.3794e+12,1.3794e+12,1.3794e+12,0,1.3564e+12,1.3564e+12,1.3564e+12,1.3564e+12,1.3564e+12,1.3564e+12,0,-4.0908e+12,-4.0908e+12,-4.0908e+12,-4.0908e+12,-4.0908e+12,-4.0908e+12,0,2.2985e+10,2.2985e+10,2.2985e+10,2.2985e+10,2.2985e+10,2.2985e+10,0,0,0,0,0,0,0,0,17313,17313,17313,17313,17313,17313,0,4860.3,4860.3,4860.3,4860.3,4860.3,4860.3,0,2975.5,2975.5,2975.5,2975.5,2975.5,2975.5,0,1,63
1,0.9914,0.9914,0.9914,0.9914,0.9914,0.9914,0,1.3799e+12,1.3799e+12,1.3799e+12,1.3799e+12,1.3799e+12,1.3799e+12,0,1.3564e+12,1.3564e+12,1.3564e+12,1.3564e+12,1.3564e+12,1.3564e+12,0,-4.1795e+12,-4.1795e+12,-4.1795e+12,-4.1795e+12,-4.1795e+12,-4.1795e+12,0,2.3436e+10,2.3436e+10,2.3436e+10,2.3436e+10,2.3436e+10,2.3436e+10,0,0,0,0,0,0,0,0,17311,17311,17311,17311,17311,17311,0,4857.6,4857.6,4857.6,4857.6,4857.6,4857.6,0,2974.7,2974.7,2974.7,2974.7,2974.7,2974.7,0,1,64
1,0.9914,0.9914,0.9914,0.9914,0.9914,0.9914,0,1.3803e+12,1.3803e+12,1.3803e+12,1.3803e+12,1.3803e+12,1.3803e+12,0,1.3564e+12,1.3564e+12,1.3564e+12,1.3564e+12,1.3564e+12,1.3564e+12,0,-4.2666e+12,-4.2666e+12,-4.2666e+12,-4.2666e+12,-4.2666e+12,-4.2666e+12,0,2.3881e+10,2.3881e+10,2.3881e+10,2.3881e+10,2.3881e+10,2.3881e+10,0,0,0,0,0,0,0,0,17310,17310,17310,17310,17310,17310,0,4855,4855,4855,4855,4855,4855,0,2974,2974,2974,2974,2974,2974,0,1,65
1,0.99141,0.99141,0.99141,0.99141,0.99141,0.99141,0,1.3807e+12,1.3807e+12,1.3807e+12,1.3807e+12,1.3807e+12,1.3807e+12,0,1.3564e+12,1.3564e+12,1.3564e+12,1.3564e+12,1.3564e+12,1.3564e+12,0,-4.3519e+12,-4.3519e+12,-4.3519e+12,-4.3519e+12,-4.3519e+12,-4.3519e+12,0,2.432e+10,2.432e+10,2.432e+10,2.432e+10,2.432e+10,2.432e+10,0,0,0,0,0,0,0,0,17309,17309,17309,17309,17309,17309,0,4852.4,4852.4,4852.4,4852.4,4852.4,4852.4,0,2973.3,2973.3,2973.3,2973.3,2973.3,2973.3,0,1,66
1,0.99142,0.99142,0.99142,0.99142,0.99142,0.99142,0,1.3812e+12,1.3812e+12,1.3812e+12,1.3812e+12,1.3812e+12,1.3812e+12,0,1.3564e+12,1.3564e+12,1.3564e+12,1.3564e+12,1.3564e+12,1.3564e+12,0,-4.4357e+12,-4.4357e+12,-4.4357e+12,-4.4357e+12,-4.4357e+12,-4.4357e+12,0,2.4754e+10,2.4754e+10,2.4754e+10,2.4754e+10,2.4754e+10,2.4754e+10,0,0,0,0,0,0,0,0,17307,17307,17307,17307,17307,17307,0,4850,4850,4850,4850,4850,4850,0,2972.7,2972.7,2972.7,2972.7,2972.7,2972.7,0,1,67
1,0.99144,0.99144,0.99144,0.99144,0.99144,0.99144,0,1.3816e+12,1.3816e+12,1.3816e+12,1.3816e+12,1.3816e+12,1.3816e+12,0,1.3564e+12,1.3564e+12,1.3564e+12,1.3564e+12,1.3564e+12,1.3564e+12,0,-4.5183e+12,-4.5183e+12,-4.5183e+12,-4.5183e+12,-4.5183e+12,-4.5183e+12,0,2.5182e+10,2.5182e+10,2.5182e+10,2.5182e+10,2.5182e+10,2.5182e+10,0,0,0,0,0,0,0,0,17306,17306,17306,17306,17306,17306,0,4847.6,4847.6,4847.6,4847.6,4847.6,4847.6,0,2972.1,2972.1,2972.1,2972.1,2972.1,2972.1,0,1,68
1,0.99145,0.99145,0.99145,0.99145,0.99145,0.99145,0,1.382e+12,1.382e+12,1.382e+12,1.382e+12,1.382e+12,1.382e+12,0,1.3564e+12,1.3564e+12,1.3564e+12,1.3564e+12,1.3564e+12,1.3564e+12,0,-4.5995e+12,-4.5995e+12,-4.5995e+12,-4.5995e+12,-4.5995e+12,-4.5995e+12,0,2.5604e+10,2.5604e+10,2.5604e+10,2.5604e+10,2.5604e+10,2.5604e+10,0,0,0,0,0,0,0,0,17305,17305,17305,17305,17305,17305,0,4845.2,4845.2,4845.2,4845.2,4845.2,4845.2,0,2971.4,2971.4,2971.4,2971.4,2971.4,2971.4,0,1,69
1,0.99146,0.99146,0.99146,0.99146,0.99146,0.99146,0,1.3824e+12,1.3824e+12,1.3824e+12,1.3824e+12,1.3824e+12,1.3824e+12,0,1.3564e+12,1.3564e+12,1.3564e+12,1.3564e+12,1.3564e+12,1.3564e+12,0,-4.6798e+12,-4.6798e+12,-4.6798e+12,-4.6798e+12,-4.6798e+12,-4.6798e+12,0,2.6022e+10,2.6022e+10,2.6022e+10,2.6022e+10,2.6022e+10,2.6022e+10,0,0,0,0,0,0,0,0,17304,17304,17304,17304,17304,17304,0,4843,4843,4843,4843,4843,4843,0,2970.8,2970.8,2970.8,2970.8,2970.8,2970.8,0,1,70
1,0.99147,0.99147,0.99147,0.99147,0.99147,0.99147,0,1.3828e+12,1.3828e+12,1.3828e+12,1.3828e+12,1.3828e+12,1.3828e+12,0,1.3564e+12,1.3564e+12,1.3564e+12,1.3564e+12,1.3564e+12,1.3564e+12,0,-4.7585e+12,-4.7585e+12,-4.7585e+12,-4.7585e+12,-4.7585e+12,-4.7585e+12,0,2.6434e+10,2.6434e+10,2.6434e+10,2.6434e+10,2.6434e+10,2.6434e+10,0,0,0,0,0,0,0,0,17303,17303,17303,17303,17303,17303,0,4840.8,4840.8,4840.8,4840.8,4840.8,4840.8,0,2970.2,2970.2,2970.2,2970.2,2970.2,2970.2,0,1,71
1,0.99148,0.99148,0.99148,0.99148,0.99148,0.99148,0,1.3833e+12,1.3833e+12,1.3833e+12,1.3833e+12,1.3833e+12,1.3833e+12,0,1.3564e+12,1.3564e+12,1.3564e+12,1.3564e+12,1.3564e+12,1.3564e+12,0,-4.8366e+12,-4.8366e+12,-4.8366e+12,-4.8366e+12,-4.8366e+12,-4.8366e+12,0,2.6842e+10,2.6842e+10,2.6842e+10,2.6842e+10,2.6842e+10,2.6842e+10,0,0,0,0,0,0,0,0,17302,17302,17302,17302,17302,17302,0,4838.7,4838.7,4838.7,4838.7,4838.7,4838.7,0,2969.6,2969.6,2969.6,2969.6,2969.6,2969.6,0,1,72
1,0.99149,0.99149,0.99149,0.99149,0.99149,0.99149,0,1.3837e+12,1.3837e+12,1.3837e+12,1.3837e+12,1.3837e+12,1.3837e+12,0,1.3564e+12,1.3564e+12,1.3564e+12,1.3564e+12,1.3564e+12,1.3564e+12,0,-4.9133e+12,-4.9133e+12,-4.9133e+12,-4.9133e+12,-4.9133e+12,-4.9133e+12,0,2.7245e+10,2.7245e+10,2.7245e+10,2.7245e+10,2.7245e+10,2.7245e+10,0,0,0,0,0,0,0,0,17301,17301,17301,17301,17301,17301,0,4836.6,4836.6,4836.6,4836.6,4836.6,4836.6,0,2969,2969,2969,2969,2969,2969,0,1,73
1,0.9915,0.9915,0.9915,0.9915,0.9915,0.9915,0,1.3841e+12,1.3841e+12,1.3841e+12,1.3841e+12,1.3841e+12,1.3841e+12,0,1.3564e+12,1.3564e+12,1.3564e+12,1.3564e+12,1.3564e+12,1.3564e+12,0,-4.9889e+12,-4.9889e+12,-4.9889e+12,-4.9889e+12,-4.9889e+12,-4.9889e+12,0,2.7644e+10,2.7644e+10,2.7644e+10,2.7644e+10,2.7644e+10,2.7644e+10,0,0,0,0,0,0,0,0,17300,17300,17300,17300,17300,17300,0,4834.6,4834.6,4834.6,4834.6,4834.6,4834.6,0,2968.4,2968.4,2968.4,2968.4,2968.4,2968.4,0,1,74
1,0.99151,0.99151,0.99151,0.99151,0.99151,0.99151,0,1.3845e+12,1.3845e+12,1.3845e+12,1.3845e+12,1.3845e+12,1.3845e+12,0,1.3564e+12,1.3564e+12,1.3564e+12,1.3564e+12,1.3564e+12,1.3564e+12,0,-5.0638e+12,-5.0638e+12,-5.0638e+12,-5.0638e+12,-5.0638e+12,-5.0638e+12,0,2.8038e+10,2.8038e+10,2.8038e+10,2.8038e+10,2.8038e+10,2.8038e+10,0,0,0,0,0,0,0,0,17299,17299,17299,17299,17299,17299,0,4832.7,4832.7,4832.7,4832.7,4832.7,4832.7,0,2967.9,2967.9,2967.9,2967.9,2967.9,2967.9,0,1,75
1,0.99151,0.99151,0.99151,0.99151,0.99151,0.99151,0,1.3848e+12,1.3848e+12,1.3848e+12,1.3848e+12,1.3848e+12,1.3848e+12,0,1.3564e+12,1.3564e+12,1.3564e+12,1.3564e+12,1.3564e+12,1.3564e+12,0,-5.1379e+12,-5.1379e+12,-5.1379e+12,-5.1379e+12,-5.1379e+12,-5.1379e+12,0,2.8429e+10,2.8429e+10,2.8429e+10,2.8429e+10,2.8429e+10,2.8429e+10,0,0,0,0,0,0,0,0,17298,17298,17298,17298,17298,17298,0,4830.8,4830.8,4830.8,4830.8,4830.8,4830.8,0,2967.3,2967.3,2967.3,2967.3,2967.3,2967.3,0,1,76
1,0.99152,0.99152,0.99152,0.99152,0.99152,0.99152,0,1.3852e+12,1.3852e+12,1.3852e+12,1.3852e+12,1.3852e+12,1.3852e+12,0,1.3564e+12,1.3564e+12,1.3564e+12,1.3564e+12,1.3564e+12,1.3564e+12,0,-5.2109e+12,-5.2109e+12,-5.2109e+12,-5.2109e+12,-5.2109e+12,-5.2109e+12,0,2.8815e+10,2.8815e+10,2.8815e+10,2.8815e+10,2.8815e+10,2.8815e+10,0,0,0,0,0,0,0,0,17297,17297,17297,17297,17297,17297,0,4829,4829,4829,4829,4829,4829,0,2966.7,2966.7,2966.7,2966.7,2966.7,2966.7,0,1,77
1,0.99152,0.99152,0.99152,0.99152,0.99152,0.99152,0,1.3856e+12,1.3856e+12,1.3856e+12,1.3856e+12,1.3856e+12,1.3856e+12,0,1.3564e+12,1.3564e+12,1.3564e+12,1.3564e+12,1.3564e+12,1.3564e+12,0,-5.283e+12,-5.283e+12,-5.283e+12,-5.283e+12,-5.283e+12,-5.283e+12,0,2.9197e+10,2.9197e+10,2.9197e+10,2.9197e+10,2.9197e+10,2.9197e+10,0,0,0,0,0,0,0,0,17296,17296,17296,17296,17296,17296,0,4827.2,4827.2,4827.2,4827.2,4827.2,4827.2,0,2966.1,2966.1,2966.1,2966.1,2966.1,2966.1,0,1,78
1,0.99152,0.99152,0.99152,0.99152,0.99152,0.99152,0,1.386e+12,1.386e+12,1.386e+12,1.386e+12,1.386e+12,1.386e+12,0,1.3564e+12,1.3564e+12,1.3564e+12,1.3564e+12,1.3564e+12,1.3564e+12,0,-5.3545e+12,-5.3545e+12,-5.3545e+12,-5.3545e+12,-5.3545e+12,-5.3545e+12,0,2.9575e+10,2.9575e+10,2.9575e+10,2.9575e+10,2.9575e+10,2.9575e+10,0,0,0,0,0,0,0,0,17295,17295,17295,17295,17295,17295,0,4825.5,4825.5,4825.5,4825.5,4825.5,4825.5,0,2965.6,2965.6,2965.6,2965.6,2965.6,2965.6,0,1,79
1,0.99152,0.99152,0.99152,0.99152,0.99152,0.99152,0,1.3864e+12,1.3864e+12,1.3864e+12,1.3864e+12,1.3864e+12,1.3864e+12,0,1.3564e+12,1.3564e+12,1.3564e+12,1.3564e+12,1.3564e+12,1.3564e+12,0,-5.4251e+12,-5.4251e+12,-5.4251e+12,-5.4251e+12,-5.4251e+12,-5.4251e+12,0,2.9949e+10,2.9949e+10,2.9949e+10,2.9949e+10,2.9949e+10,2.9949e+10,0,0,0,0,0,0,0,0,17294,17294,17294,17294,17294,17294,0,4823.8,4823.8,4823.8,4823.8,4823.8,4823.8,0,2965,2965,2965,2965,2965,2965,0,1,80
1,0.99151,0.99151,0.99151,0.99151,0.99151,0.99151,0,1.3867e+12,1.3867e+12,1.3867e+12,1.3867e+12,1.3867e+12,1.3867e+12,0,1.3564e+12,1.3564e+12,1.3564e+12,1.3564e+12,1.3564e+12,1.3564e+12,0,-5.4949e+12,-5.4949e+12,-5.4949e+12,-5.4949e+12,-5.4949e+12,-5.4949e+12,0,3.032e+10,3.032e+10,3.032e+10,3.032e+10,3.032e+10,3.032e+10,0,0,0,0,0,0,0,0,17293,17293,17293,17293,17293,17293,0,4822.1,4822.1,4822.1,4822.1,4822.1,4822.1,0,2964.4,2964.4,2964.4,2964.4,2964.4,2964.4,0,1,81
1,0.99151,0.99151,0.99151,0.99151,0.99151,0.99151,0,1.3871e+12,1.3871e+12,1.3871e+12,1.3871e+12,1.3871e+12,1.3871e+12,0,1.3564e+12,1.3564e+12,1.3564e+12,1.3564e+12,1.3564e+12,1.3564e+12,0,-5.564e+12,-5.564e+12,-5.564e+12,-5.564e+12,-5.564e+12,-5.564e+12,0,3.0687e+10,3.0687e+10,3.0687e+10,3.0687e+10,3.0687e+10,3.0687e+10,0,0,0,0,0,0,0,0,17292,17292,17292,17292,17292,17292,0,4820.5,4820.5,4820.5,4820.5,4820.5,4820.5,0,2963.9,2963.9,2963.9,2963.9,2963.9,2963.9,0,1,82
1,0.9915,0.9915,0.9915,0.9915,0.9915,0.9915,0,1.3875e+12,1.3875e+12,1.3875e+12,1.3875e+12,1.3875e+12,1.3875e+12,0,1.3564e+12,1.3564e+12,1.3564e+12,1.3564e+12,1.3564e+12,1.3564e+12,0,-5.6321e+12,-5.6321e+12,-5.6321e+12,-5.6321e+12,-5.6321e+12,-5.6321e+12,0,3.1051e+10,3.1051e+10,3.1051e+10,3.1051e+10,3.1051e+10,3.1051e+10,0,0,0,0,0,0,0,0,17292,17292,17292,17292,17292,17292,0,4819,4819,4819,4819,4819,4819,0,2963.3,2963.3,2963.3,2963.3,2963.3,2963.3,0,1,83
1,0.99149,0.99149,0.99149,0.99149,0.99149,0.99149,0,1.3878e+12,1.3878e+12,1.3878e+12,1.3878e+12,1.3878e+12,1.3878e+12,0,1.3564e+12,1.3564e+12,1.3564e+12,1.3564e+12,1.3564e+12,1.3564e+12,0,-5.6996e+12,-5.6996e+12,-5.6996e+12,-5.6996e+12,-5.6996e+12,-5.6996e+12,0,3.1411e+10,3.1411e+10,3.1411e+10,3.1411e+10,3.1411e+10,3.1411e+10,0,0,0,0,0,0,0,0,17291,17291,17291,17291,17291,17291,0,4817.5,4817.5,4817.5,4817.5,4817.5,4817.5,0,2962.7,2962.7,2962.7,2962.7,2962.7,2962.7,0,1,84
1,0.99148,0.99148,0.99148,0.99148,0.99148,0.99148,0,1.3882e+12,1.3882e+12,1.3882e+12,1.3882e+12,1.3882e+12,1.3882e+12,0,1.3564e+12,1.3564e+12,1.3564e+12,1.3564e+12,1.3564e+12,1.3564e+12,0,-5.7665e+12,-5.7665e+12,-5.7665e+12,-5.7665e+12,-5.7665e+12,-5.7665e+12,0,3.1768e+10,3.1768e+10,3.1768e+10,3.1768e+10,3.1768e+10,3.1768e+10,0,0,0,0,0,0,0,0,17290,17290,17290,17290,17290,17290,0,4816,4816,4816,4816,4816,4816,0,2962.2,2962.2,2962.2,2962.2,2962.2,2962.2,0,1,85
1,0.99146,0.99146,0.99146,0.99146,0.99146,0.99146,0,1.3885e+12,1.3885e+12,1.3885e+12,1.3885e+12,1.3885e+12,1.3885e+12,0,1.3564e+12,1.3564e+12,1.3564e+12,1.3564e+12,1.3564e+12,1.3564e+12,0,-5.8327e+12,-5.8327e+12,-5.8327e+12,-5.8327e+12,-5.8327e+12,-5.8327e+12,0,3.2122e+10,3.2122e+10,3.2122e+10,3.2122e+10,3.2122e+10,3.2122e+10,0,0,0,0,0,0,0,0,17289,17289,17289,17289,17289,17289,0,4814.5,4814.5,4814.5,4814.5,4814.5,4814.5,0,2961.6,2961.6,2961.6,2961.6,2961.6,2961.6,0,1,86
1,0.99145,0.99145,0.99145,0.99145,0.99145,0.99145,0,1.3889e+12,1.3889e+12,1.3889e+12,1.3889e+12,1.3889e+12,1.3889e+12,0,1.3564e+12,1.3564e+12,1.3564e+12,1.3564e+12,1.3564e+12,1.3564e+12,0,-5.8981e+12,-5.8981e+12,-5.8981e+12,-5.8981e+12,-5.8981e+12,-5.8981e+12,0,3.2473e+10,3.2473e+10,3.2473e+10,3.2473e+10,3.2473e+10,3.2473e+10,0,0,0,0,0,0,0,0,17289,17289,17289,17289,17289,17289,0,4813.1,4813.1,4813.1,4813.1,4813.1,4813.1,0,2961,2961,2961,2961,2961,2961,0,1,87
1,0.99143,0.99143,0.99143,0.99143,0.99143,0.99143,0,1.3892e+12,1.3892e+12,1.3892e+12,1.3892e+12,1.3892e+12,1.3892e+12,0,1.3564e+12,1.3564e+12,1.3564e+12,1.3564e+12,1.3564e+12,1.3564e+12,0,-5.9631e+12,-5.9631e+12,-5.9631e+12,-5.9631e+12,-5.9631e+12,-5.9631e+12,0,3.282e+10,3.282e+10,3.282e+10,3.282e+10,3.282e+10,3.282e+10,0,0,0,0,0,0,0,0,17288,17288,17288,17288,17288,17288,0,4811.8,4811.8,4811.8,4811.8,4811.8,4811.8,0,2960.4,2960.4,2960.4,2960.4,2960.4,2960.4,0,1,88
1,0.9914,0.9914,0.9914,0.9914,0.9914,0.9914,0,1.3896e+12,1.3896e+12,1.3896e+12,1.3896e+12,1.3896e+12,1.3896e+12,0,1.3564e+12,1.3564e+12,1.3564e+12,1.3564e+12,1.3564e+12,1.3564e+12,0,-6.0271e+12,-6.0271e+12,-6.0271e+12,-6.0271e+12,-6.0271e+12,-6.0271e+12,0,3.3164e+10,3.3164e+10,3.3164e+10,3.3164e+10,3.3164e+10,3.3164e+10,0,0,0,0,0,0,0,0,17287,17287,17287,17287,17287,17287,0,4810.4,4810.4,4810.4,4810.4,4810.4,4810.4,0,2959.8,2959.8,2959.8,2959.8,2959.8,2959.8,0,1,89
1,0.99138,0.99138,0.99138,0.99138,0.99138,0.99138,0,1.3899e+12,1.3899e+12,1.3899e+12,1.3899e+12,1.3899e+12,1.3899e+12,0,1.3564e+12,1.3564e+12,1.3564e+12,1.3564e+12,1.3564e+12,1.3564e+12,0,-6.0907e+12,-6.0907e+12,-6.0907e+12,-6.0907e+12,-6.0907e+12,-6.0907e+12,0,3.3505e+10,3.3505e+10,3.3505e+10,3.3505e+10,3.3505e+10,3.3505e+10,0,0,0,0,0,0,0,0,17287,17287,17287,17287,17287,17287,0,4809.1,4809.1,4809.1,4809.1,4809.1,4809.1,0,2959.3,2959.3,2959.3,2959.3,2959.3,2959.3,0,1,90
1,0.99135,0.99135,0.99135,0.99135,0.99135,0.99135,0,1.3903e+12,1.3903e+12,1.3903e+12,1.3903e+12,1.3903e+12,1.3903e+12,0,1.3564e+12,1.3564e+12,1.3564e+12,1.3564e+12,1.3564e+12,1.3564e+12,0,-6.1535e+12,-6.1535e+12,-6.1535e+12,-6.1535e+12,-6.1535e+12,-6.1535e+12,0,3.3843e+10,3.3843e+10,3.3843e+10,3.3843e+10,3.3843e+10,3.3843e+10,0,0,0,0,0,0,0,0,17286,17286,17286,17286,17286,17286,0,4807.9,4807.9,4807.9,4807.9,4807.9,4807.9,0,2958.7,2958.7,2958.7,2958.7,2958.7,2958.7,0,1,91
1,0.99133,0.99133,0.99133,0.99133,0.99133,0.99133,0,1.3906e+12,1.3906e+12,1.3906e+12,1.3906e+12,1.3906e+12,1.3906e+12,0,1.3564e+12,1.3564e+12,1.3564e+12,1.3564e+12,1.3564e+12,1.3564e+12,0,-6.2159e+12,-6.2159e+12,-6.2159e+12,-6.2159e+12,-6.2159e+12,-6.2159e+12,0,3.4178e+10,3.4178e+10,3.4178e+10,3.4178e+10,3.4178e+10,3.4178e+10,0,0,0,0,0,0,0,0,17285,17285,17285,17285,17285,17285,0,4806.6,4806.6,4806.6,4806.6,4806.6,4806.6,0,2958.1,2958.1,2958.1,2958.1,2958.1,2958.1,0,1,92
1,0.9913,0.9913,0.9913,0.9913,0.9913,0.9913,0,1.3909e+12,1.3909e+12,1.3909e+12,1.3909e+12,1.3909e+12,1.3909e+12,0,1.3564e+12,1.3564e+12,1.3564e+12,1.3564e+12,1.3564e+12,1.3564e+12,0,-6.2774e+12,-6.2774e+12,-6.2774e+12,-6.2774e+12,-6.2774e+12,-6.2774e+12,0,3.4511e+10,3.4511e+10,3.4511e+10,3.4511e+10,3.4511e+10,3.4511e+10,0,0,0,0,0,0,0,0,17285,17285,17285,17285,17285,17285,0,4805.4,4805.4,4805.4,4805.4,4805.4,4805.4,0,2957.5,2957.5,2957.5,2957.5,2957.5,2957.5,0,1,93
1,0.99126,0.99126,0.99126,0.99126,0.99126,0.99126,0,1.3913e+12,1.3913e+12,1.3913e+12,1.3913e+12,1.3913e+12,1.3913e+12,0,1.3564e+12,1.3564e+12,1.3564e+12,1.3564e+12,1.3564e+12,1.3564e+12,0,-6.3386e+12,-6.3386e+12,-6.3386e+12,-6.3386e+12,-6.3386e+12,-6.3386e+12,0,3.484e+10,3.484e+10,3.484e+10,3.484e+10,3.484e+10,3.484e+10,0,0,0,0,0,0,0,0,17284,17284,17284,17284,17284,17284,0,4804.3,4804.3,4804.3,4804.3,4804.3,4804.3,0,2956.9,2956.9,2956.9,2956.9,2956.9,2956.9,0,1,94
1,0.99123,0.99123,0.99123,0.99123,0.99123,0.99123,0,1.3916e+12,1.3916e+12,1.3916e+12,1.3916e+12,1.3916e+12,1.3916e+12,0,1.3564e+12,1.3564e+12,1.3564e+12,1.3564e+12,1.3564e+12,1.3564e+12,0,-6.3989e+12,-6.3989e+12,-6.3989e+12,-6.3989e+12,-6.3989e+12,-6.3989e+12,0,3.5167e+10,3.5167e+10,3.5167e+10,3.5167e+10,3.5167e+10,3.5167e+10,0,0,0,0,0,0,0,0,17284,17284,17284,17284,17284,17284,0,4803.1,4803.1,4803.1,4803.1,4803.1,4803.1,0,2956.3,2956.3,2956.3,2956.3,2956.3,2956.3,0,1,95
1,0.99119,0.99119,0.99119,0.99119,0.99119,0.99119,0,1.3919e+12,1.3919e+12,1.3919e+12,1.3919e+12,1.3919e+12,1.3919e+12,0,1.3564e+12,1.3564e+12,1.3564e+12,1.3564e+12,1.3564e+12,1.3564e+12,0,-6.4589e+12,-6.4589e+12,-6.4589e+12,-6.4589e+12,-6.4589e+12,-6.4589e+12,0,3.5491e+10,3.5491e+10,3.5491e+10,3.5491e+10,3.5491e+10,3.5491e+10,0,0,0,0,0,0,0,0,17283,17283,17283,17283,17283,17283,0,4802,4802,4802,4802,4802,4802,0,2955.7,2955.7,2955.7,2955.7,2955.7,2955.7,0,1,96
1,0.99115,0.99115,0.99115,0.99115,0.99115,0.99115,0,1.3922e+12,1.3922e+12,1.3922e+12,1.3922e+12,1.3922e+12,1.3922e+12,0,1.3564e+12,1.3564e+12,1.3564e+12,1.3564e+12,1.3564e+12,1.3564e+12,0,-6.5184e+12,-6.5184e+12,-6.5184e+12,-6.5184e+12,-6.5184e+12,-6.5184e+12,0,3.5813e+10,3.5813e+10,3.5813e+10,3.5813e+10,3.5813e+10,3.5813e+10,0,0,0,0,0,0,0,0,17283,17283,17283,17283,17283,17283,0,4800.9,4800.9,4800.9,4800.9,4800.9,4800.9,0,2955.1,2955.1,2955.1,2955.1,2955.1,2955.1,0,1,97
1,0.99111,0.99111,0.99111,0.99111,0.99111,0.99111,0,1.3925e+12,1.3925e+12,1.3925e+12,1.3925e+12,1.3925e+12,1.3925e+12,0,1.3564e+12,1.3564e+12,1.3564e+12,1.3564e+12,1.3564e+12,1.3564e+12,0,-6.5773e+12,-6.5773e+12,-6.5773e+12,-6.5773e+12,-6.5773e+12,-6.5773e+12,0,3.6132e+10,3.6132e+10,3.6132e+10,3.6132e+10,3.6132e+10,3.6132e+10,0,0,0,0,0,0,0,0,17282,17282,17282,17282,17282,17282,0,4799.8,4799.8,4799.8,4799.8,4799.8,4799.8,0,2954.5,2954.5,2954.5,2954.5,2954.5,2954.5,0,1,98
1,0.99107,0.99107,0.99107,0.99107,0.99107,0.99107,0,1.3929e+12,1.3929e+12,1.3929e+12,1.3929e+12,1.3929e+12,1.3929e+12,0,1.3564e+12,1.3564e+12,1.3564e+12,1.3564e+12,1.3564e+12,1.3564e+12,0,-6.6356e+12,-6.6356e+12,-6.6356e+12,-6.6356e+12,-6.6356e+12,-6.6356e+12,0,3.6449e+10,3.6449e+10,3.6449e+10,3.6449e+10,3.6449e+10,3.6449e+10,0,0,0,0,0,0,0,0,17282,17282,17282,17282,17282,17282,0,4798.8,4798.8,4798.8,4798.8,4798.8,4798.8,0,2953.9,2953.9,2953.9,2953.9,2953.9,2953.9,0,1,99
1,0.99102,0.99102,0.99102,0.99102,0.99102,0.99102,0,1.3932e+12,1.3932e+12,1.3932e+12,1.3932e+12,1.3932e+12,1.3932e+12,0,1.3564e+12,1.3564e+12,1.3564e+12,1.3564e+12,1.3564e+12,1.3564e+12,0,-6.6934e+12,-6.6934e+12,-6.6934e+12,-6.6934e+12,-6.6934e+12,-6.6934e+12,0,3.6763e+10,3.6763e+10,3.6763e+10,3.6763e+10,3.6763e+10,3.6763e+10,0,0,0,0,0,0,0,0,17281,17281,17281,17281,17281,17281,0,4797.8,4797.8,4797.8,4797.8,4797.8,4797.8,0,2953.3,2953.3,2953.3,2953.3,2953.3,2953.3,0,1,100
1,0.99097,0.99097,0.99097,0.99097,0.99097,0.99097,0,1.3935e+12,1.3935e+12,1.3935e+12,1.3935e+12,1.3935e+12,1.3935e+12,0,1.3564e+12,1.3564e+12,1.3564e+12,1.3564e+12,1.3564e+12,1.3564e+12,0,-6.7507e+12,-6.7507e+12,-6.7507e+12,-6.7507e+12,-6.7507e+12,-6.7507e+12,0,3.7074e+10,3.7074e+10,3.7074e+10,3.7074e+10,3.7074e+10,3.7074e+10,0,0,0,0,0,0,0,0,17281,17281,17281,17281,17281,17281,0,4796.8,4796.8,4796.8,4796.8,4796.8,4796.8,0,2952.7,2952.7,2952.7,2952.7,2952.7,2952.7,0,1,101
1,0.99093,0.99093,0.99093,0.99093,0.99093,0.99093,0,1.3938e+12,1.3938e+12,1.3938e+12,1.3938e+12,1.3938e+12,1.3938e+12,0,1.3564e+12,1.3564e+12,1.3564e+12,1.3564e+12,1.3564e+12,1.3564e+12,0,-6.8074e+12,-6.8074e+12,-6.8074e+12,-6.8074e+12,-6.8074e+12,-6.8074e+12,0,3.7384e+10,3.7384e+10,3.7384e+10,3.7384e+10,3.7384e+10,3.7384e+10,0,0,0,0,0,0,0,0,17280,17280,17280,17280,17280,17280,0,4795.8,4795.8,4795.8,4795.8,4795.8,4795.8,0,2952.1,2952.1,2952.1,2952.1,2952.1,2952.1,0,1,102
1,0.99087,0.99087,0.99087,0.99087,0.99087,0.99087,0,1.3941e+12,1.3941e+12,1.3941e+12,1.3941e+12,1.3941e+12,1.3941e+12,0,1.3564e+12,1.3564e+12,1.3564e+12,1.3564e+12,1.3564e+12,1.3564e+12,0,-6.8638e+12,-6.8638e+12,-6.8638e+12,-6.8638e+12,-6.8638e+12,-6.8638e+12,0,3.769e+10,3.769e+10,3.769e+10,3.769e+10,3.769e+10,3.769e+10,0,0,0,0,0,0,0,0,17280,17280,17280,17280,17280,17280,0,4794.8,4794.8,4794.8,4794.8,4794.8,4794.8,0,2951.5,2951.5,2951.5,2951.5,2951.5,2951.5,0,1,103
1,0.99082,0.99082,0.99082,0.99082,0.99082,0.99082,0,1.3944e+12,1.3944e+12,1.3944e+12,1.3944e+12,1.3944e+12,1.3944e+12,0,1.3564e+12,1.3564e+12,1.3564e+12,1.3564e+12,1.3564e+12,1.3564e+12,0,-6.9195e+12,-6.9195e+12,-6.9195e+12,-6.9195e+12,-6.9195e+12,-6.9195e+12,0,3.7995e+10,3.7995e+10,3.7995e+10,3.7995e+10,3.7995e+10,3.7995e+10,0,0,0,0,0,0,0,0,17279,17279,17279,17279,17279,17279,0,4793.9,4793.9,4793.9,4793.9,4793.9,4793.9,0,2950.9,2950.9,2950.9,2950.9,2950.9,2950.9,0,1,104
1,0.99077,0.99077,0.99077,0.99077,0.99077,0.99077,0,1.3947e+12,1.3947e+12,1.3947e+12,1.3947e+12,1.3947e+12,1.3947e+12,0,1.3564e+12,1.3564e+12,1.3564e+12,1.3564e+12,1.3564e+12,1.3564e+12,0,-6.9748e+12,-6.9748e+12,-6.9748e+12,-6.9748e+12,-6.9748e+12,-6.9748e+12,0,3.8297e+10,3.8297e+10,3.8297e+10,3.8297e+10,3.8297e+10,3.8297e+10,0,0,0,0,0,0,0,0,17279,17279,17279,17279,17279,17279,0,4793,4793,4793,4793,4793,4793,0,2950.2,2950.2,2950.2,2950.2,2950.2,2950.2,0,1,105
1,0.99071,0.99071,0.99071,0.99071,0.99071,0.99071,0,1.395e+12,1.395e+12,1.395e+12,1.395e+12,1.395e+12,1.395e+12,0,1.3564e+12,1.3564e+12,1.3564e+12,1.3564e+12,1.3564e+12,1.3564e+12,0,-7.0297e+12,-7.0297e+12,-7.0297e+12,-7.0297e+12,-7.0297e+12,-7.0297e+12,0,3.8597e+10,3.8597e+10,3.8597e+10,3.8597e+10,3.8597e+10,3.8597e+10,0,0,0,0,0,0,0,0,17278,17278,17278,17278,17278,17278,0,4792.1,4792.1,4792.1,4792.1,4792.1,4792.1,0,2949.6,2949.6,2949.6,2949.6,2949.6,2949.6,0,1,106
1,0.99065,0.99065,0.99065,0.99065,0.99065,0.99065,0,1.3953e+12,1.3953e+12,1.3953e+12,1.3953e+12,1.3953e+12,1.3953e+12,0,1.3564e+12,1.3564e+12,1.3564e+12,1.3564e+12,1.3564e+12,1.3564e+12,0,-7.0839e+12,-7.0839e+12,-7.0839e+12,-7.0839e+12,-7.0839e+12,-7.0839e+12,0,3.8894e+10,3.8894e+10,3.8894e+10,3.8894e+10,3.8894e+10,3.8894e+10,0,0,0,0,0,0,0,0,17278,17278,17278,17278,17278,17278,0,4791.2,4791.2,4791.2,4791.2,4791.2,4791.2,0,2949,2949,2949,2949,2949,2949,0,1,107
1,0.99059,0.99059,0.99059,0.99059,0.99059,0.99059,0,1.3956e+12,1.3956e+12,1.3956e+12,1.3956e+12,1.3956e+12,1.3956e+12,0,1.3564e+12,1.3564e+12,1.3564e+12,1.3564e+12,1.3564e+12,1.3564e+12,0,-7.1381e+12,-7.1381e+12,-7.1381e+12,-7.1381e+12,-7.1381e+12,-7.1381e+12,0,3.919e+10,3.919e+10,3.919e+10,3.919e+10,3.919e+10,3.919e+10,0,0,0,0,0,0,0,0,17278,17278,17278,17278,17278,17278,0,4790.4,4790.4,4790.4,4790.4,4790.4,4790.4,0,2948.3,2948.3,2948.3,2948.3,2948.3,2948.3,0,1,108
1,0.99053,0.99053,0.99053,0.99053,0.99053,0.99053,0,1.3959e+12,1.3959e+12,1.3959e+12,1.3959e+12,1.3959e+12,1.3959e+12,0,1.3564e+12,1.3564e+12,1.3564e+12,1.3564e+12,1.3564e+12,1.3564e+12,0,-7.1916e+12,-7.1916e+12,-7.1916e+12,-7.1916e+12,-7.1916e+12,-7.1916e+12,0,3.9483e+10,3.9483e+10,3.9483e+10,3.9483e+10,3.9483e+10,3.9483e+10,0,0,0,0,0,0,0,0,17277,17277,17277,17277,17277,17277,0,4789.6,4789.6,4789.6,4789.6,4789.6,4789.6,0,2947.7,2947.7,2947.7,2947.7,2947.7,2947.7,0,1,109
1,0.99046,0.99046,0.99046,0.99046,0.99046,0.99046,0,1.3962e+12,1.3962e+12,1.3962e+12,1.3962e+12,1.3962e+12,1.3962e+12,0,1.3564e+12,1.3564e+12,1.3564e+12,1.3564e+12,1.3564e+12,1.3564e+12,0,-7.2446e+12,-7.2446e+12,-7.2446e+12,-7.2446e+12,-7.2446e+12,-7.2446e+12,0,3.9774e+10,3.9774e+10,3.9774e+10,3.9774e+10,3.9774e+10,3.9774e+10,0,0,0,0,0,0,0,0,17277,17277,17277,17277,17277,17277,0,4788.7,4788.7,4788.7,4788.7,4788.7,4788.7,0,2947.1,2947.1,2947.1,2947.1,2947.1,2947.1,0,1,110
1,0.9904,0.9904,0.9904,0.9904,0.9904,0.9904,0,1.3965e+12,1.3965e+12,1.3965e+12,1.3965e+12,1.3965e+12,1.3965e+12,0,1.3564e+12,1.3564e+12,1.3564e+12,1.3564e+12,1.3564e+12,1.3564e+12,0,-7.2971e+12,-7.2971e+12,-7.2971e+12,-7.2971e+12,-7.2971e+12,-7.2971e+12,0,4.0063e+10,4.0063e+10,4.0063e+10,4.0063e+10,4.0063e+10,4.0063e+10,0,0,0,0,0,0,0,0,17276,17276,17276,17276,17276,17276,0,4788,4788,4788,4788,4788,4788,0,2946.4,2946.4,2946.4,2946.4,2946.4,2946.4,0,1,111
1,0.99033,0.99033,0.99033,0.99033,0.99033,0.99033,0,1.3968e+12,1.3968e+12,1.3968e+12,1.3968e+12,1.3968e+12,1.3968e+12,0,1.3564e+12,1.3564e+12,1.3564e+12,1.3564e+12,1.3564e+12,1.3564e+12,0,-7.3494e+12,-7.3494e+12,-7.3494e+12,-7.3494e+12,-7.3494e+12,-7.3494e+12,0,4.035e+10,4.035e+10,4.035e+10,4.035e+10,4.035e+10,4.035e+10,0,0,0,0,0,0,0,0,17276,17276,17276,17276,17276,17276,0,4787.2,4787.2,4787.2,4787.2,4787.2,4787.2,0,2945.8,2945.8,2945.8,2945.8,2945.8,2945.8,0,1,112
1,0.99026,0.99026,0.99026,0.99026,0.99026,0.99026,0,1.397e+12,1.397e+12,1.397e+12,1.397e+12,1.397e+12,1.397e+12,0,1.3564e+12,1.3564e+12,1.3564e+12,1.3564e+12,1.3564e+12,1.3564e+12,0,-7.401e+12,-7.401e+12,-7.401e+12,-7.401e+12,-7.401e+12,-7.401e+12,0,4.0635e+10,4.0635e+10,4.0635e+10,4.0635e+10,4.0635e+10,4.0635e+10,0,0,0,0,0,0,0,0,17276,17276,17276,17276,17276,17276,0,4786.4,4786.4,4786.4,4786.4,4786.4,4786.4,0,2945.2,2945.2,2945.2,2945.2,2945.2,2945.2,0,1,113
1,0.99019,0.99019,0.99019,0.99019,0.99019,0.99019,0,1.3973e+12,1.3973e+12,1.3973e+12,1.3973e+12,1.3973e+12,1.3973e+12,0,1.3564e+12,1.3564e+12,1.3564e+12,1.3564e+12,1.3564e+12,1.3564e+12,0,-7.4523e+12,-7.4523e+12,-7.4523e+12,-7.4523e+12,-7.4523e+12,-7.4523e+12,0,4.0917e+10,4.0917e+10,4.0917e+10,4.0917e+10,4.0917e+10,4.0917e+10,0,0,0,0,0,0,0,0,17275,17275,17275,17275,17275,17275,0,4785.7,4785.7,4785.7,4785.7,4785.7,4785.7,0,2944.5,2944.5,2944.5,2944.5,2944.5,2944.5,0,1,114
1,0.99012,0.99012,0.99012,0.99012,0.99012,0.99012,0,1.3976e+12,1.3976e+12,1.3976e+12,1.3976e+12,1.3976e+12,1.3976e+12,0,1.3564e+12,1.3564e+12,1.3564e+12,1.3564e+12,1.3564e+12,1.3564e+12,0,-7.5032e+12,-7.5032e+12,-7.5032e+12,-7.5032e+12,-7.5032e+12,-7.5032e+12,0,4.1197e+10,4.1197e+10,4.1197e+10,4.1197e+10,4.1197e+10,4.1197e+10,0,0,0,0,0,0,0,0,17275,17275,17275,17275,17275,17275,0,4784.9,4784.9,4784.9,4784.9,4784.9,4784.9,0,2943.9,2943.9,2943.9,2943.9,2943.9,2943.9,0,1,115
1,0.99004,0.99004,0.99004,0.99004,0.99004,0.99004,0,1.3979e+12,1.3979e+12,1.3979e+12,1.3979e+12,1.3979e+12,1.3979e+12,0,1.3564e+12,1.3564e+12,1.3564e+12,1.3564e+12,1.3564e+12,1.3564e+12,0,-7.5538e+12,-7.5538e+12,-7.5538e+12,-7.5538e+12,-7.5538e+12,-7.5538e+12,0,4.1476e+10,4.1476e+10,4.1476e+10,4.1476e+10,4.1476e+10,4.1476e+10,0,0,0,0,0,0,0,0,17275,17275,17275,17275,17275,17275,0,4784.2,4784.2,4784.2,4784.2,4784.2,4784.2,0,2943.2,2943.2,2943.2,2943.2,2943.2,2943.2,0,1,116
1,0.98997,0.98997,0.98997,0.98997,0.98997,0.98997,0,1.3982e+12,1.3982e+12,1.3982e+12,1.3982e+12,1.3982e+12,1.3982e+12,0,1.3564e+12,1.3564e+12,1.3564e+12,1.3564e+12,1.3564e+12,1.3564e+12,0,-7.6039e+12,-7.6039e+12,-7.6039e+12,-7.6039e+12,-7.6039e+12,-7.6039e+12,0,4.1752e+10,4.1752e+10,4.1752e+10,4.1752e+10,4.1752e+10,4.1752e+10,0,0,0,0,0,0,0,0,17274,17274,17274,17274,17274,17274,0,4783.5,4783.5,4783.5,4783.5,4783.5,4783.5,0,2942.6,2942.6,2942.6,2942.6,2942.6,2942.6,0,1,117
1,0.98989,0.98989,0.98989,0.98989,0.98989,0.98989,0,1.3984e+12,1.3984e+12,1.3984e+12,1.3984e+12,1.3984e+12,1.3984e+12,0,1.3564e+12,1.3564e+12,1.3564e+12,1.3564e+12,1.3564e+12,1.3564e+12,0,-7.6538e+12,-7.6538e+12,-7.6538e+12,-7.6538e+12,-7.6538e+12,-7.6538e+12,0,4.2027e+10,4.2027e+10,4.2027e+10,4.2027e+10,4.2027e+10,4.2027e+10,0,0,0,0,0,0,0,0,17274,17274,17274,17274,17274,17274,0,4782.8,4782.8,4782.8,4782.8,4782.8,4782.8,0,2941.9,2941.9,2941.9,2941.9,2941.9,2941.9,0,1,118
1,0.98981,0.98981,0.98981,0.98981,0.98981,0.98981,0,1.3987e+12,1.3987e+12,1.3987e+12,1.3987e+12,1.3987e+12,1.3987e+12,0,1.3564e+12,1.3564e+12,1.3564e+12,1.3564e+12,1.3564e+12,1.3564e+12,0,-7.703e+12,-7.703e+12,-7.703e+12,-7.703e+12,-7.703e+12,-7.703e+12,0,4.2299e+10,4.2299e+10,4.2299e+10,4.2299e+10,4.2299e+10,4.2299e+10,0,0,0,0,0,0,0,0,17274,17274,17274,17274,17274,17274,0,4782.1,4782.1,4782.1,4782.1,4782.1,4782.1,0,2941.2,2941.2,2941.2,2941.2,2941.2,2941.2,0,1,119
1,0.98974,0.98974,0.98974,0.98974,0.98974,0.98974,0,1.399e+12,1.399e+12,1.399e+12,1.399e+12,1.399e+12,1.399e+12,0,1.3564e+12,1.3564e+12,1.3564e+12,1.3564e+12,1.3564e+12,1.3564e+12,0,-7.7483e+12,-7.7483e+12,-7.7483e+12,-7.7483e+12,-7.7483e+12,-7.7483e+12,0,4.257e+10,4.257e+10,4.257e+10,4.257e+10,4.257e+10,4.257e+10,0,0,0,0,0,0,0,0,17274,17274,17274,17274,17274,17274,0,4781.5,4781.5,4781.5,4781.5,4781.5,4781.5,0,2940.6,2940.6,2940.6,2940.6,2940.6,2940.6,0,1,120
1,0.98733,0.98733,0.98733,0.98733,0.98733,0.98733,0,1.3985e+12,1.3985e+12,1.3985e+12,1.3985e+12,1.3985e+12,1.3985e+12,0,1.3561e+12,1.3561e+12,1.3561e+12,1.3561e+12,1.3561e+12,1.3561e+12,0,-7.773e+12,-7.773e+12,-7.773e+12,-7.773e+12,-7.773e+12,-7.773e+12,0,4.2378e+10,4.2378e+10,4.2378e+10,4.2378e+10,4.2378e+10,4.2378e+10,0,0,0,0,0,0,0,0,17271,17271,17271,17271,17271,17271,0,4782.3,4782.3,4782.3,4782.3,4782.3,4782.3,0,2937.7,2937.7,2937.7,2937.7,2937.7,2937.7,0,1,121
1,0.99254,0.99254,0.99254,0.99254,0.99254,0.99254,0,1.4e+12,1.4e+12,1.4e+12,1.4e+12,1.4e+12,1.4e+12,0,1.3564e+12,1.3564e+12,1.3564e+12,1.3564e+12,1.3564e+12,1.3564e+12,0,-7.8451e+12,-7.8451e+12,-7.8451e+12,-7.8451e+12,-7.8451e+12,-7.8451e+12,0,4.3558e+10,4.3558e+10,4.3558e+10,4.3558e+10,4.3558e+10,4.3558e+10,0,0,0,0,0,0,0,0,17277,17277,17277,17277,17277,17277,0,4781.1,4781.1,4781.1,4781.1,4781.1,4781.1,0,2940.8,2940.8,2940.8,2940.8,2940.8,2940.8,0,1,122
1,0.98673,0.98673,0.98673,0.98673,0.98673,0.98673,0,1.3991e+12,1.3991e+12,1.3991e+12,1.3991e+12,1.3991e+12,1.3991e+12,0,1.3566e+12,1.3566e+12,1.3566e+12,1.3566e+12,1.3566e+12,1.3566e+12,0,-7.8372e+12,-7.8372e+12,-7.8372e+12,-7.8372e+12,-7.8372e+12,-7.8372e+12,0,4.2565e+10,4.2565e+10,4.2565e+10,4.2565e+10,4.2565e+10,4.2565e+10,0,0,0,0,0,0,0,0,17272,17272,17272,17272,17272,17272,0,4778.5,4778.5,4778.5,4778.5,4778.5,4778.5,0,2936.8,2936.8,2936.8,2936.8,2936.8,2936.8,0,1,123
1,0.98778,0.98778,0.98778,0.98778,0.98778,0.98778,0,1.3998e+12,1.3998e+12,1.3998e+12,1.3998e+12,1.3998e+12,1.3998e+12,0,1.3566e+12,1.3566e+12,1.3566e+12,1.3566e+12,1.3566e+12,1.3566e+12,0,-7.8822e+12,-7.8822e+12,-7.8822e+12,-7.8822e+12,-7.8822e+12,-7.8822e+12,0,4.316e+10,4.316e+10,4.316e+10,4.316e+10,4.316e+10,4.316e+10,0,0,0,0,0,0,0,0,17277,17277,17277,17277,17277,17277,0,4782.4,4782.4,4782.4,4782.4,4782.4,4782.4,0,2932.4,2932.4,2932.4,2932.4,2932.4,2932.4,0,1,124
1,0.98972,0.98972,0.98972,0.98972,0.98972,0.98972,0,1.4001e+12,1.4001e+12,1.4001e+12,1.4001e+12,1.4001e+12,1.4001e+12,0,1.3566e+12,1.3566e+12,1.3566e+12,1.3566e+12,1.3566e+12,1.3566e+12,0,-7.9134e+12,-7.9134e+12,-7.9134e+12,-7.9134e+12,-7.9134e+12,-7.9134e+12,0,4.3451e+10,4.3451e+10,4.3451e+10,4.3451e+10,4.3451e+10,4.3451e+10,0,0,0,0,0,0,0,0,17276,17276,17276,17276,17276,17276,0,4778,4778,4778,4778,4778,4778,0,2937.8,2937.8,2937.8,2937.8,2937.8,2937.8,0,1,125
1,0.99098,0.99098,0.99098,0.99098,0.99098,0.99098,0,1.4003e+12,1.4003e+12,1.4003e+12,1.4003e+12,1.4003e+12,1.4003e+12,0,1.3566e+12,1.3566e+12,1.3566e+12,1.3566e+12,1.3566e+12,1.3566e+12,0,-7.9425e+12,-7.9425e+12,-7.9425e+12,-7.9425e+12,-7.9425e+12,-7.9425e+12,0,4.3674e+10,4.3674e+10,4.3674e+10,4.3674e+10,4.3674e+10,4.3674e+10,0,0,0,0,0,0,0,0,17276,17276,17276,17276,17276,17276,0,4776.4,4776.4,4776.4,4776.4,4776.4,4776.4,0,2939.7,2939.7,2939.7,2939.7,2939.7,2939.7,0,1,126
1,0.98965,0.98965,0.98965,0.98965,0.98965,0.98965,0,1.4005e+12,1.4005e+12,1.4005e+12,1.4005e+12,1.4005e+12,1.4005e+12,0,1.3571e+12,1.3571e+12,1.3571e+12,1.3571e+12,1.3571e+12,1.3571e+12,0,-7.9593e+12,-7.9593e+12,-7.9593e+12,-7.9593e+12,-7.9593e+12,-7.9593e+12,0,4.3411e+10,4.3411e+10,4.3411e+10,4.3411e+10,4.3411e+10,4.3411e+10,0,0,0,0,0,0,0,0,17275,17275,17275,17275,17275,17275,0,4780.4,4780.4,4780.4,4780.4,4780.4,4780.4,0,2935.3,2935.3,2935.3,2935.3,2935.3,2935.3,0,1,127
1,0.98639,0.98639,0.98639,0.98639,0.98639,0.98639,0,1.4e+12,1.4e+12,1.4e+12,1.4e+12,1.4e+12,1.4e+12,0,1.3574e+12,1.3574e+12,1.3574e+12,1.3574e+12,1.3574e+12,1.3574e+12,0,-7.9494e+12,-7.9494e+12,-7.9494e+12,-7.9494e+12,-7.9494e+12,-7.9494e+12,0,4.2626e+10,4.2626e+10,4.2626e+10,4.2626e+10,4.2626e+10,4.2626e+10,0,0,0,0,0,0,0,0,17274,17274,17274,17274,17274,17274,0,4773.7,4773.7,4773.7,4773.7,4773.7,4773.7,0,2935.6,2935.6,2935.6,2935.6,2935.6,2935.6,0,1,128
1,0.98912,0.98912,0.98912,0.98912,0.98912,0.98912,0,1.4001e+12,1.4001e+12,1.4001e+12,1.4001e+12,1.4001e+12,1.4001e+12,0,1.3569e+12,1.3569e+12,1.3569e+12,1.3569e+12,1.3569e+12,1.3569e+12,0,-7.9875e+12,-7.9875e+12,-7.9875e+12,-7.9875e+12,-7.9875e+12,-7.9875e+12,0,4.3193e+10,4.3193e+10,4.3193e+10,4.3193e+10,4.3193e+10,4.3193e+10,0,0,0,0,0,0,0,0,17279,17279,17279,17279,17279,17279,0,4775.7,4775.7,4775.7,4775.7,4775.7,4775.7,0,2935,2935,2935,2935,2935,2935,0,1,129
1,0.98629,0.98629,0.98629,0.98629,0.98629,0.98629,0,1.3996e+12,1.3996e+12,1.3996e+12,1.3996e+12,1.3996e+12,1.3996e+12,0,1.357e+12,1.357e+12,1.357e+12,1.357e+12,1.357e+12,1.357e+12,0,-7.9804e+12,-7.9804e+12,-7.9804e+12,-7.9804e+12,-7.9804e+12,-7.9804e+12,0,4.2593e+10,4.2593e+10,4.2593e+10,4.2593e+10,4.2593e+10,4.2593e+10,0,0,0,0,0,0,0,0,17279,17279,17279,17279,17279,17279,0,4773.2,4773.2,4773.2,4773.2,4773.2,4773.2,0,2933,2933,2933,2933,2933,2933,0,1,130
1,0.9866,0.9866,0.9866,0.9866,0.9866,0.9866,0,1.3994e+12,1.3994e+12,1.3994e+12,1.3994e+12,1.3994e+12,1.3994e+12,0,1.357e+12,1.357e+12,1.357e+12,1.357e+12,1.357e+12,1.357e+12,0,-7.9908e+12,-7.9908e+12,-7.9908e+12,-7.9908e+12,-7.9908e+12,-7.9908e+12,0,4.2433e+10,4.2433e+10,4.2433e+10,4.2433e+10,4.2433e+10,4.2433e+10,0,0,0,0,0,0,0,0,17276,17276,17276,17276,17276,17276,0,4774.2,4774.2,4774.2,4774.2,4774.2,4774.2,0,2933.8,2933.8,2933.8,2933.8,2933.8,2933.8,0,1,131
1,0.9836,0.9836,0.9836,0.9836,0.9836,0.9836,0,1.3985e+12,1.3985e+12,1.3985e+12,1.3985e+12,1.3985e+12,1.3985e+12,0,1.3567e+12,1.3567e+12,1.3567e+12,1.3567e+12,1.3567e+12,1.3567e+12,0,-7.9765e+12,-7.9765e+12,-7.9765e+12,-7.9765e+12,-7.9765e+12,-7.9765e+12,0,4.1794e+10,4.1794e+10,4.1794e+10,4.1794e+10,4.1794e+10,4.1794e+10,0,0,0,0,0,0,0,0,17272,17272,17272,17272,17272,17272,0,4774,4774,4774,4774,4774,4774,0,2932.3,2932.3,2932.3,2932.3,2932.3,2932.3,0,1,132
1,0.9843,0.9843,0.9843,0.9843,0.9843,0.9843,0,1.3987e+12,1.3987e+12,1.3987e+12,1.3987e+12,1.3987e+12,1.3987e+12,0,1.357e+12,1.357e+12,1.357e+12,1.357e+12,1.357e+12,1.357e+12,0,-7.9922e+12,-7.9922e+12,-7.9922e+12,-7.9922e+12,-7.9922e+12,-7.9922e+12,0,4.1725e+10,4.1725e+10,4.1725e+10,4.1725e+10,4.1725e+10,4.1725e+10,0,0,0,0,0,0,0,0,17271,17271,17271,17271,17271,17271,0,4779,4779,4779,4779,4779,4779,0,2930.2,2930.2,2930.2,2930.2,2930.2,2930.2,0,1,133
1,0.98506,0.98506,0.98506,0.98506,0.98506,0.98506,0,1.399e+12,1.399e+12,1.399e+12,1.399e+12,1.399e+12,1.399e+12,0,1.3576e+12,1.3576e+12,1.3576e+12,1.3576e+12,1.3576e+12,1.3576e+12,0,-8.0004e+12,-8.0004e+12,-8.0004e+12,-8.0004e+12,-8.0004e+12,-8.0004e+12,0,4.1431e+10,4.1431e+10,4.1431e+10,4.1431e+10,4.1431e+10,4.1431e+10,0,0,0,0,0,0,0,0,17272,17272,17272,17272,17272,17272,0,4777.7,4777.7,4777.7,4777.7,4777.7,4777.7,0,2931.1,2931.1,2931.1,2931.1,2931.1,2931.1,0,1,134
1,0.98154,0.98154,0.98154,0.98154,0.98154,0.98154,0,1.3979e+12,1.3979e+12,1.3979e+12,1.3979e+12,1.3979e+12,1.3979e+12,0,1.3574e+12,1.3574e+12,1.3574e+12,1.3574e+12,1.3574e+12,1.3574e+12,0,-7.9695e+12,-7.9695e+12,-7.9695e+12,-7.9695e+12,-7.9695e+12,-7.9695e+12,0,4.0479e+10,4.0479e+10,4.0479e+10,4.0479e+10,4.0479e+10,4.0479e+10,0,0,0,0,0,0,0,0,17266,17266,17266,17266,17266,17266,0,4773.7,4773.7,4773.7,4773.7,4773.7,4773.7,0,2932.4,2932.4,2932.4,2932.4,2932.4,2932.4,0,1,135
1,0.98239,0.98239,0.98239,0.98239,0.98239,0.98239,0,1.3979e+12,1.3979e+12,1.3979e+12,1.3979e+12,1.3979e+12,1.3979e+12,0,1.3577e+12,1.3577e+12,1.3577e+12,1.3577e+12,1.3577e+12,1.3577e+12,0,-7.9751e+12,-7.9751e+12,-7.9751e+12,-7.9751e+12,-7.9751e+12,-7.9751e+12,0,4.0156e+10,4.0156e+10,4.0156e+10,4.0156e+10,4.0156e+10,4.0156e+10,0,0,0,0,0,0,0,0,17266,17266,17266,17266,17266,17266,0,4774.1,4774.1,4774.1,4774.1,4774.1,4774.1,0,2932.7,2932.7,2932.7,2932.7,2932.7,2932.7,0,1,136
1,0.97825,0.97825,0.97825,0.97825,0.97825,0.97825,0,1.3964e+12,1.3964e+12,1.3964e+12,1.3964e+12,1.3964e+12,1.3964e+12,0,1.3571e+12,1.3571e+12,1.3571e+12,1.3571e+12,1.3571e+12,1.3571e+12,0,-7.9442e+12,-7.9442e+12,-7.9442e+12,-7.9442e+12,-7.9442e+12,-7.9442e+12,0,3.9286e+10,3.9286e+10,3.9286e+10,3.9286e+10,3.9286e+10,3.9286e+10,0,0,0,0,0,0,0,0,17261,17261,17261,17261,17261,17261,0,4776.8,4776.8,4776.8,4776.8,4776.8,4776.8,0,2929.1,2929.1,2929.1,2929.1,2929.1,2929.1,0,1,137
1,0.97869,0.97869,0.97869,0.97869,0.97869,0.97869,0,1.3962e+12,1.3962e+12,1.3962e+12,1.3962e+12,1.3962e+12,1.3962e+12,0,1.3573e+12,1.3573e+12,1.3573e+12,1.3573e+12,1.3573e+12,1.3573e+12,0,-7.9425e+12,-7.9425e+12,-7.9425e+12,-7.9425e+12,-7.9425e+12,-7.9425e+12,0,3.8925e+10,3.8925e+10,3.8925e+10,3.8925e+10,3.8925e+10,3.8925e+10,0,0,0,0,0,0,0,0,17260,17260,17260,17260,17260,17260,0,4777.7,4777.7,4777.7,4777.7,4777.7,4777.7,0,2929.4,2929.4,2929.4,2929.4,2929.4,2929.4,0,1,138
1,0.98097,0.98097,0.98097,0.98097,0.98097,0.98097,0,1.3963e+12,1.3963e+12,1.3963e+12,1.3963e+12,1.3963e+12,1.3963e+12,0,1.3577e+12,1.3577e+12,1.3577e+12,1.3577e+12,1.3577e+12,1.3577e+12,0,-7.9508e+12,-7.9508e+12,-7.9508e+12,-7.9508e+12,-7.9508e+12,-7.9508e+12,0,3.865e+10,3.865e+10,3.865e+10,3.865e+10,3.865e+10,3.865e+10,0,0,0,0,0,0,0,0,17264,17264,17264,17264,17264,17264,0,4776.2,4776.2,4776.2,4776.2,4776.2,4776.2,0,2931.2,2931.2,2931.2,2931.2,2931.2,2931.2,0,1,139
1,0.9746,0.9746,0.9746,0.9746,0.9746,0.9746,0,1.3946e+12,1.3946e+12,1.3946e+12,1.3946e+12,1.3946e+12,1.3946e+12,0,1.3571e+12,1.3571e+12,1.3571e+12,1.3571e+12,1.3571e+12,1.3571e+12,0,-7.8991e+12,-7.8991e+12,-7.8991e+12,-7.8991e+12,-7.8991e+12,-7.8991e+12,0,3.7473e+10,3.7473e+10,3.7473e+10,3.7473e+10,3.7473e+10,3.7473e+10,0,0,0,0,0,0,0,0,17262,17262,17262,17262,17262,17262,0,4773.9,4773.9,4773.9,4773.9,4773.9,4773.9,0,2926.2,2926.2,2926.2,2926.2,2926.2,2926.2,0,1,140
1,0.97251,0.97251,0.97251,0.97251,0.97251,0.97251,0,1.3924e+12,1.3924e+12,1.3924e+12,1.3924e+12,1.3924e+12,1.3924e+12,0,1.3559e+12,1.3559e+12,1.3559e+12,1.3559e+12,1.3559e+12,1.3559e+12,0,-7.8582e+12,-7.8582e+12,-7.8582e+12,-7.8582e+12,-7.8582e+12,-7.8582e+12,0,3.6478e+10,3.6478e+10,3.6478e+10,3.6478e+10,3.6478e+10,3.6478e+10,0,0,0,0,0,0,0,0,17243,17243,17243,17243,17243,17243,0,4774.1,4774.1,4774.1,4774.1,4774.1,4774.1,0,2933.8,2933.8,2933.8,2933.8,2933.8,2933.8,0,1,141
1,0.96922,0.96922,0.96922,0.96922,0.96922,0.96922,0,1.3912e+12,1.3912e+12,1.3912e+12,1.3912e+12,1.3912e+12,1.3912e+12,0,1.3558e+12,1.3558e+12,1.3558e+12,1.3558e+12,1.3558e+12,1.3558e+12,0,-7.8215e+12,-7.8215e+12,-7.8215e+12,-7.8215e+12,-7.8215e+12,-7.8215e+12,0,3.5472e+10,3.5472e+10,3.5472e+10,3.5472e+10,3.5472e+10,3.5472e+10,0,0,0,0,0,0,0,0,17240,17240,17240,17240,17240,17240,0,4773.3,4773.3,4773.3,4773.3,4773.3,4773.3,0,2932,2932,2932,2932,2932,2932,0,1,142
1,0.96664,0.96664,0.96664,0.96664,0.96664,0.96664,0,1.3904e+12,1.3904e+12,1.3904e+12,1.3904e+12,1.3904e+12,1.3904e+12,0,1.3558e+12,1.3558e+12,1.3558e+12,1.3558e+12,1.3558e+12,1.3558e+12,0,-7.7962e+12,-7.7962e+12,-7.7962e+12,-7.7962e+12,-7.7962e+12,-7.7962e+12,0,3.4583e+10,3.4583e+10,3.4583e+10,3.4583e+10,3.4583e+10,3.4583e+10,0,0,0,0,0,0,0,0,17242,17242,17242,17242,17242,17242,0,4775.3,4775.3,4775.3,4775.3,4775.3,4775.3,0,2926.6,2926.6,2926.6,2926.6,2926.6,2926.6,0,1,143
1,0.97279,0.97279,0.97279,0.97279,0.97279,0.97279,0,1.3906e+12,1.3906e+12,1.3906e+12,1.3906e+12,1.3906e+12,1.3906e+12,0,1.3562e+12,1.3562e+12,1.3562e+12,1.3562e+12,1.3562e+12,1.3562e+12,0,-7.8168e+12,-7.8168e+12,-7.8168e+12,-7.8168e+12,-7.8168e+12,-7.8168e+12,0,3.4386e+10,3.4386e+10,3.4386e+10,3.4386e+10,3.4386e+10,3.4386e+10,0,0,0,0,0,0,0,0,17245,17245,17245,17245,17245,17245,0,4774,4774,4774,4774,4774,4774,0,2934,2934,2934,2934,2934,2934,0,1,144
1,0.9678,0.9678,0.9678,0.9678,0.9678,0.9678,0,1.3891e+12,1.3891e+12,1.3891e+12,1.3891e+12,1.3891e+12,1.3891e+12,0,1.3559e+12,1.3559e+12,1.3559e+12,1.3559e+12,1.3559e+12,1.3559e+12,0,-7.7678e+12,-7.7678e+12,-7.7678e+12,-7.7678e+12,-7.7678e+12,-7.7678e+12,0,3.3223e+10,3.3223e+10,3.3223e+10,3.3223e+10,3.3223e+10,3.3223e+10,0,0,0,0,0,0,0,0,17246,17246,17246,17246,17246,17246,0,4771.9,4771.9,4771.9,4771.9,4771.9,4771.9,0,2928.9,2928.9,2928.9,2928.9,2928.9,2928.9,0,1,145
1,0.96732,0.96732,0.96732,0.96732,0.96732,0.96732,0,1.3884e+12,1.3884e+12,1.3884e+12,1.3884e+12,1.3884e+12,1.3884e+12,0,1.3559e+12,1.3559e+12,1.3559e+12,1.3559e+12,1.3559e+12,1.3559e+12,0,-7.7449e+12,-7.7449e+12,-7.7449e+12,-7.7449e+12,-7.7449e+12,-7.7449e+12,0,3.2444e+10,3.2444e+10,3.2444e+10,3.2444e+10,3.2444e+10,3.2444e+10,0,0,0,0,0,0,0,0,17245,17245,17245,17245,17245,17245,0,4772.8,4772.8,4772.8,4772.8,4772.8,4772.8,0,2928.6,2928.6,2928.6,2928.6,2928.6,2928.6,0,1,146
1,0.96483,0.96483,0.96483,0.96483,0.96483,0.96483,0,1.3864e+12,1.3864e+12,1.3864e+12,1.3864e+12,1.3864e+12,1.3864e+12,0,1.3549e+12,1.3549e+12,1.3549e+12,1.3549e+12,1.3549e+12,1.3549e+12,0,-7.7053e+12,-7.7053e+12,-7.7053e+12,-7.7053e+12,-7.7053e+12,-7.7053e+12,0,3.1455e+10,3.1455e+10,3.1455e+10,3.1455e+10,3.1455e+10,3.1455e+10,0,0,0,0,0,0,0,0,17245,17245,17245,17245,17245,17245,0,4770.5,4770.5,4770.5,4770.5,4770.5,4770.5,0,2927.7,2927.7,2927.7,2927.7,2927.7,2927.7,0,1,147
1,0.95799,0.95799,0.95799,0.95799,0.95799,0.95799,0,1.3848e+12,1.3848e+12,1.3848e+12,1.3848e+12,1.3848e+12,1.3848e+12,0,1.3548e+12,1.3548e+12,1.3548e+12,1.3548e+12,1.3548e+12,1.3548e+12,0,-7.6395e+12,-7.6395e+12,-7.6395e+12,-7.6395e+12,-7.6395e+12,-7.6395e+12,0,3.0076e+10,3.0076e+10,3.0076e+10,3.0076e+10,3.0076e+10,3.0076e+10,0,0,0,0,0,0,0,0,17243,17243,17243,17243,17243,17243,0,4770.9,4770.9,4770.9,4770.9,4770.9,4770.9,0,2920.6,2920.6,2920.6,2920.6,2920.6,2920.6,0,1,148
1,0.95968,0.95968,0.95968,0.95968,0.95968,0.95968,0,1.384e+12,1.384e+12,1.384e+12,1.384e+12,1.384e+12,1.384e+12,0,1.3547e+12,1.3547e+12,1.3547e+12,1.3547e+12,1.3547e+12,1.3547e+12,0,-7.6213e+12,-7.6213e+12,-7.6213e+12,-7.6213e+12,-7.6213e+12,-7.6213e+12,0,2.9329e+10,2.9329e+10,2.9329e+10,2.9329e+10,2.9329e+10,2.9329e+10,0,0,0,0,0,0,0,0,17245,17245,17245,17245,17245,17245,0,4767.2,4767.2,4767.2,4767.2,4767.2,4767.2,0,2924.4,2924.4,2924.4,2924.4,2924.4,2924.4,0,1,149
1,0.95961,0.95961,0.95961,0.95961,0.95961,0.95961,0,1.3833e+12,1.3833e+12,1.3833e+12,1.3833e+12,1.3833e+12,1.3833e+12,0,1.3549e+12,1.3549e+12,1.3549e+12,1.3549e+12,1.3549e+12,1.3549e+12,0,-7.5982e+12,-7.5982e+12,-7.5982e+12,-7.5982e+12,-7.5982e+12,-7.5982e+12,0,2.8388e+10,2.8388e+10,2.8388e+10,2.8388e+10,2.8388e+10,2.8388e+10,0,0,0,0,0,0,0,0,17246,17246,17246,17246,17246,17246,0,4770,4770,4770,4770,4770,4770,0,2922.7,2922.7,2922.7,2922.7,2922.7,2922.7,0,1,150
1,0.95746,0.95746,0.95746,0.95746,0.95746,0.95746,0,1.382e+12,1.382e+12,1.382e+12,1.382e+12,1.382e+12,1.382e+12,0,1.3547e+12,1.3547e+12,1.3547e+12,1.3547e+12,1.3547e+12,1.3547e+12,0,-7.5567e+12,-7.5567e+12,-7.5567e+12,-7.5567e+12,-7.5567e+12,-7.5567e+12,0,2.7329e+10,2.7329e+10,2.7329e+10,2.7329e+10,2.7329e+10,2.7329e+10,0,0,0,0,0,0,0,0,17243,17243,17243,17243,17243,17243,0,4772.6,4772.6,4772.6,4772.6,4772.6,4772.6,0,2920.8,2920.8,2920.8,2920.8,2920.8,2920.8,0,1,151
1,0.95724,0.95724,0.95724,0.95724,0.95724,0.95724,0,1.3811e+12,1.3811e+12,1.3811e+12,1.3811e+12,1.3811e+12,1.3811e+12,0,1.3547e+12,1.3547e+12,1.3547e+12,1.3547e+12,1.3547e+12,1.3547e+12,0,-7.5282e+12,-7.5282e+12,-7.5282e+12,-7.5282e+12,-7.5282e+12,-7.5282e+12,0,2.6325e+10,2.6325e+10,2.6325e+10,2.6325e+10,2.6325e+10,2.6325e+10,0,0,0,0,0,0,0,0,17247,17247,17247,17247,17247,17247,0,4771.7,4771.7,4771.7,4771.7,4771.7,4771.7,0,2919.3,2919.3,2919.3,2919.3,2919.3,2919.3,0,1,152
1,0.95786,0.95786,0.95786,0.95786,0.95786,0.95786,0,1.3799e+12,1.3799e+12,1.3799e+12,1.3799e+12,1.3799e+12,1.3799e+12,0,1.3544e+12,1.3544e+12,1.3544e+12,1.3544e+12,1.3544e+12,1.3544e+12,0,-7.5019e+12,-7.5019e+12,-7.5019e+12,-7.5019e+12,-7.5019e+12,-7.5019e+12,0,2.5448e+10,2.5448e+10,2.5448e+10,2.5448e+10,2.5448e+10,2.5448e+10,0,0,0,0,0,0,0,0,17248,17248,17248,17248,17248,17248,0,4773.5,4773.5,4773.5,4773.5,4773.5,4773.5,0,2919.7,2919.7,2919.7,2919.7,2919.7,2919.7,0,1,153
1,0.95925,0.95925,0.95925,0.95925,0.95925,0.95925,0,1.379e+12,1.379e+12,1.379e+12,1.379e+12,1.379e+12,1.379e+12,0,1.3546e+12,1.3546e+12,1.3546e+12,1.3546e+12,1.3546e+12,1.3546e+12,0,-7.4785e+12,-7.4785e+12,-7.4785e+12,-7.4785e+12,-7.4785e+12,-7.4785e+12,0,2.4464e+10,2.4464e+10,2.4464e+10,2.4464e+10,2.4464e+10,2.4464e+10,0,0,0,0,0,0,0,0,17250,17250,17250,17250,17250,17250,0,4773.9,4773.9,4773.9,4773.9,4773.9,4773.9,0,2920.8,2920.8,2920.8,2920.8,2920.8,2920.8,0,1,154
1,0.96153,0.96153,0.96153,0.96153,0.96153,0.96153,0,1.3783e+12,1.3783e+12,1.3783e+12,1.3783e+12,1.3783e+12,1.3783e+12,0,1.3549e+12,1.3549e+12,1.3549e+12,1.3549e+12,1.3549e+12,1.3549e+12,0,-7.4621e+12,-7.4621e+12,-7.4621e+12,-7.4621e+12,-7.4621e+12,-7.4621e+12,0,2.3402e+10,2.3402e+10,2.3402e+10,2.3402e+10,2.3402e+10,2.3402e+10,0,0,0,0,0,0,0,0,17252,17252,17252,17252,17252,17252,0,4778.3,4778.3,4778.3,4778.3,4778.3,4778.3,0,2921.1,2921.1,2921.1,2921.1,2921.1,2921.1,0,1,155
1,0.95814,0.95814,0.95814,0.95814,0.95814,0.95814,0,1.3767e+12,1.3767e+12,1.3767e+12,1.3767e+12,1.3767e+12,1.3767e+12,0,1.3545e+12,1.3545e+12,1.3545e+12,1.3545e+12,1.3545e+12,1.3545e+12,0,-7.4061e+12,-7.4061e+12,-7.4061e+12,-7.4061e+12,-7.4061e+12,-7.4061e+12,0,2.2214e+10,2.2214e+10,2.2214e+10,2.2214e+10,2.2214e+10,2.2214e+10,0,0,0,0,0,0,0,0,17252,17252,17252,17252,17252,17252,0,4778.3,4778.3,4778.3,4778.3,4778.3,4778.3,0,2917.4,2917.4,2917.4,2917.4,2917.4,2917.4,0,1,156
1,0.9536,0.9536,0.9536,0.9536,0.9536,0.9536,0,1.3746e+12,1.3746e+12,1.3746e+12,1.3746e+12,1.3746e+12,1.3746e+12,0,1.3537e+12,1.3537e+12,1.3537e+12,1.3537e+12,1.3537e+12,1.3537e+12,0,-7.3486e+12,-7.3486e+12,-7.3486e+12,-7.3486e+12,-7.3486e+12,-7.3486e+12,0,2.0885e+10,2.0885e+10,2.0885e+10,2.0885e+10,2.0885e+10,2.0885e+10,0,0,0,0,0,0,0,0,17263,17263,17263,17263,17263,17263,0,4776.4,4776.4,4776.4,4776.4,4776.4,4776.4,0,2909.3,2909.3,2909.3,2909.3,2909.3,2909.3,0,1,157
1,0.95083,0.95083,0.95083,0.95083,0.95083,0.95083,0,1.373e+12,1.373e+12,1.373e+12,1.373e+12,1.373e+12,1.373e+12,0,1.3533e+12,1.3533e+12,1.3533e+12,1.3533e+12,1.3533e+12,1.3533e+12,0,-7.2912e+12,-7.2912e+12,-7.2912e+12,-7.2912e+12,-7.2912e+12,-7.2912e+12,0,1.9725e+10,1.9725e+10,1.9725e+10,1.9725e+10,1.9725e+10,1.9725e+10,0,0,0,0,0,0,0,0,17262,17262,17262,17262,17262,17262,0,4776.1,4776.1,4776.1,4776.1,4776.1,4776.1,0,2907.7,2907.7,2907.7,2907.7,2907.7,2907.7,0,1,158
1,0.95289,0.95289,0.95289,0.95289,0.95289,0.95289,0,1.372e+12,1.372e+12,1.372e+12,1.372e+12,1.372e+12,1.372e+12,0,1.3535e+12,1.3535e+12,1.3535e+12,1.3535e+12,1.3535e+12,1.3535e+12,0,-7.263e+12,-7.263e+12,-7.263e+12,-7.263e+12,-7.263e+12,-7.263e+12,0,1.8547e+10,1.8547e+10,1.8547e+10,1.8547e+10,1.8547e+10,1.8547e+10,0,0,0,0,0,0,0,0,17263,17263,17263,17263,17263,17263,0,4777.3,4777.3,4777.3,4777.3,4777.3,4777.3,0,2910,2910,2910,2910,2910,2910,0,1,159
1,0.95465,0.95465,0.95465,0.95465,0.95465,0.95465,0,1.3712e+12,1.3712e+12,1.3712e+12,1.3712e+12,1.3712e+12,1.3712e+12,0,1.3539e+12,1.3539e+12,1.3539e+12,1.3539e+12,1.3539e+12,1.3539e+12,0,-7.2327e+12,-7.2327e+12,-7.2327e+12,-7.2327e+12,-7.2327e+12,-7.2327e+12,0,1.7285e+10,1.7285e+10,1.7285e+10,1.7285e+10,1.7285e+10,1.7285e+10,0,0,0,0,0,0,0,0,17265,17265,17265,17265,17265,17265,0,4777.9,4777.9,4777.9,4777.9,4777.9,4777.9,0,2911.7,2911.7,2911.7,2911.7,2911.7,2911.7,0,1,160
1,0.9515,0.9515,0.9515,0.9515,0.9515,0.9515,0,1.3695e+12,1.3695e+12,1.3695e+12,1.3695e+12,1.3695e+12,1.3695e+12,0,1.3535e+12,1.3535e+12,1.3535e+12,1.3535e+12,1.3535e+12,1.3535e+12,0,-7.1716e+12,-7.1716e+12,-7.1716e+12,-7.1716e+12,-7.1716e+12,-7.1716e+12,0,1.6051e+10,1.6051e+10,1.6051e+10,1.6051e+10,1.6051e+10,1.6051e+10,0,0,0,0,0,0,0,0,17263,17263,17263,17263,17263,17263,0,4780.7,4780.7,4780.7,4780.7,4780.7,4780.7,0,2908.3,2908.3,2908.3,2908.3,2908.3,2908.3,0,1,161
1,0.94797,0.94797,0.94797,0.94797,0.94797,0.94797,0,1.3672e+12,1.3672e+12,1.3672e+12,1.3672e+12,1.3672e+12,1.3672e+12,0,1.3524e+12,1.3524e+12,1.3524e+12,1.3524e+12,1.3524e+12,1.3524e+12,0,-7.0997e+12,-7.0997e+12,-7.0997e+12,-7.0997e+12,-7.0997e+12,-7.0997e+12,0,1.4875e+10,1.4875e+10,1.4875e+10,1.4875e+10,1.4875e+10,1.4875e+10,0,0,0,0,0,0,0,0,17262,17262,17262,17262,17262,17262,0,4775,4775,4775,4775,4775,4775,0,2909,2909,2909,2909,2909,2909,0,1,162
1,0.95134,0.95134,0.95134,0.95134,0.95134,0.95134,0,1.3662e+12,1.3662e+12,1.3662e+12,1.3662e+12,1.3662e+12,1.3662e+12,0,1.3528e+12,1.3528e+12,1.3528e+12,1.3528e+12,1.3528e+12,1.3528e+12,0,-7.0772e+12,-7.0772e+12,-7.0772e+12,-7.0772e+12,-7.0772e+12,-7.0772e+12,0,1.3382e+10,1.3382e+10,1.3382e+10,1.3382e+10,1.3382e+10,1.3382e+10,0,0,0,0,0,0,0,0,17266,17266,17266,17266,17266,17266,0,4778.4,4778.4,4778.4,4778.4,4778.4,4778.4,0,2910.6,2910.6,2910.6,2910.6,2910.6,2910.6,0,1,163
1,0.95379,0.95379,0.95379,0.95379,0.95379,0.95379,0,1.3654e+12,1.3654e+12,1.3654e+12,1.3654e+12,1.3654e+12,1.3654e+12,0,1.3533e+12,1.3533e+12,1.3533e+12,1.3533e+12,1.3533e+12,1.3533e+12,0,-7.0477e+12,-7.0477e+12,-7.0477e+12,-7.0477e+12,-7.0477e+12,-7.0477e+12,0,1.2033e+10,1.2033e+10,1.2033e+10,1.2033e+10,1.2033e+10,1.2033e+10,0,0,0,0,0,0,0,0,17267,17267,17267,17267,17267,17267,0,4783.7,4783.7,4783.7,4783.7,4783.7,4783.7,0,2911.2,2911.2,2911.2,2911.2,2911.2,2911.2,0,1,164
1,0.94877,0.94877,0.94877,0.94877,0.94877,0.94877,0,1.3634e+12,1.3634e+12,1.3634e+12,1.3634e+12,1.3634e+12,1.3634e+12,0,1.3527e+12,1.3527e+12,1.3527e+12,1.3527e+12,1.3527e+12,1.3527e+12,0,-6.9695e+12,-6.9695e+12,-6.9695e+12,-6.9695e+12,-6.9695e+12,-6.9695e+12,0,1.069e+10,1.069e+10,1.069e+10,1.069e+10,1.069e+10,1.069e+10,0,0,0,0,0,0,0,0,17267,17267,17267,17267,17267,17267,0,4783.9,4783.9,4783.9,4783.9,4783.9,4783.9,0,2906.6,2906.6,2906.6,2906.6,2906.6,2906.6,0,1,165
1,0.94804,0.94804,0.94804,0.94804,0.94804,0.94804,0,1.3618e+12,1.3618e+12,1.3618e+12,1.3618e+12,1.3618e+12,1.3618e+12,0,1.3524e+12,1.3524e+12,1.3524e+12,1.3524e+12,1.3524e+12,1.3524e+12,0,-6.9124e+12,-6.9124e+12,-6.9124e+12,-6.9124e+12,-6.9124e+12,-6.9124e+12,0,9.3216e+09,9.3216e+09,9.3216e+09,9.3216e+09,9.3216e+09,9.3216e+09,0,0,0,0,0,0,0,0,17264,17264,17264,17264,17264,17264,0,4784.2,4784.2,4784.2,4784.2,4784.2,4784.2,0,2907.8,2907.8,2907.8,2907.8,2907.8,2907.8,0,1,166
1,0.94827,0.94827,0.94827,0.94827,0.94827,0.94827,0,1.36e+12,1.36e+12,1.36e+12,1.36e+12,1.36e+12,1.36e+12,0,1.352e+12,1.352e+12,1.352e+12,1.352e+12,1.352e+12,1.352e+12,0,-6.858e+12,-6.858e+12,-6.858e+12,-6.858e+12,-6.858e+12,-6.858e+12,0,8.034e+09,8.034e+09,8.034e+09,8.034e+09,8.034e+09,8.034e+09,0,0,0,0,0,0,0,0,17261,17261,17261,17261,17261,17261,0,4783.4,4783.4,4783.4,4783.4,4783.4,4783.4,0,2911.5,2911.5,2911.5,2911.5,2911.5,2911.5,0,1,167
1,0.94803,0.94803,0.94803,0.94803,0.94803,0.94803,0,1.3583e+12,1.3583e+12,1.3583e+12,1.3583e+12,1.3583e+12,1.3583e+12,0,1.3518e+12,1.3518e+12,1.3518e+12,1.3518e+12,1.3518e+12,1.3518e+12,0,-6.8069e+12,-6.8069e+12,-6.8069e+12,-6.8069e+12,-6.8069e+12,-6.8069e+12,0,6.4767e+09,6.4767e+09,6.4767e+09,6.4767e+09,6.4767e+09,6.4767e+09,0,0,0,0,0,0,0,0,17263,17263,17263,17263,17263,17263,0,4786.9,4786.9,4786.9,4786.9,4786.9,4786.9,0,2909.6,2909.6,2909.6,2909.6,2909.6,2909.6,0,1,168
1,0.94587,0.94587,0.94587,0.94587,0.94587,0.94587,0,1.3566e+12,1.3566e+12,1.3566e+12,1.3566e+12,1.3566e+12,1.3566e+12,0,1.3516e+12,1.3516e+12,1.3516e+12,1.3516e+12,1.3516e+12,1.3516e+12,0,-6.743e+12,-6.743e+12,-6.743e+12,-6.743e+12,-6.743e+12,-6.743e+12,0,4.9763e+09,4.9763e+09,4.9763e+09,4.9763e+09,4.9763e+09,4.9763e+09,0,0,0,0,0,0,0,0,17268,17268,17268,17268,17268,17268,0,4786.6,4786.6,4786.6,4786.6,4786.6,4786.6,0,2906.7,2906.7,2906.7,2906.7,2906.7,2906.7,0,1,169
1,0.93981,0.93981,0.93981,0.93981,0.93981,0.93981,0,1.3536e+12,1.3536e+12,1.3536e+12,1.3536e+12,1.3536e+12,1.3536e+12,0,1.35e+12,1.35e+12,1.35e+12,1.35e+12,1.35e+12,1.35e+12,0,-6.6562e+12,-6.6562e+12,-6.6562e+12,-6.6562e+12,-6.6562e+12,-6.6562e+12,0,3.565e+09,3.565e+09,3.565e+09,3.565e+09,3.565e+09,3.565e+09,0,0,0,0,0,0,0,0,17272,17272,17272,17272,17272,17272,0,4787.1,4787.1,4787.1,4787.1,4787.1,4787.1,0,2899.3,2899.3,2899.3,2899.3,2899.3,2899.3,0,1,170
1,0.9418,0.9418,0.9418,0.9418,0.9418,0.9418,0,1.3523e+12,1.3523e+12,1.3523e+12,1.3523e+12,1.3523e+12,1.3523e+12,0,1.3504e+12,1.3504e+12,1.3504e+12,1.3504e+12,1.3504e+12,1.3504e+12,0,-6.6118e+12,-6.6118e+12,-6.6118e+12,-6.6118e+12,-6.6118e+12,-6.6118e+12,0,1.9422e+09,1.9422e+09,1.9422e+09,1.9422e+09,1.9422e+09,1.9422e+09,0,0,0,0,0,0,0,0,17272,17272,17272,17272,17272,17272,0,4791.3,4791.3,4791.3,4791.3,4791.3,4791.3,0,2901.1,2901.1,2901.1,2901.1,2901.1,2901.1,0,1,171
1,0.93882,0.93882,0.93882,0.93882,0.93882,0.93882,0,1.3505e+12,1.3505e+12,1.3505e+12,1.3505e+12,1.3505e+12,1.3505e+12,0,1.3499e+12,1.3499e+12,1.3499e+12,1.3499e+12,1.3499e+12,1.3499e+12,0,-6.5397e+12,-6.5397e+12,-6.5397e+12,-6.5397e+12,-6.5397e+12,-6.5397e+12,0,5.6048e+08,5.6048e+08,5.6048e+08,5.6048e+08,5.6048e+08,5.6048e+08,0,0,0,0,0,0,0,0,17272,17272,17272,17272,17272,17272,0,4794.8,4794.8,4794.8,4794.8,4794.8,4794.8,0,2897.4,2897.4,2897.4,2897.4,2897.4,2897.4,0,1,172
1,0.94024,0.94024,0.94024,0.94024,0.94024,0.94024,0,1.349e+12,1.349e+12,1.349e+12,1.349e+12,1.349e+12,1.349e+12,0,1.3501e+12,1.3501e+12,1.3501e+12,1.3501e+12,1.3501e+12,1.3501e+12,0,-6.4888e+12,-6.4888e+12,-6.4888e+12,-6.4888e+12,-6.4888e+12,-6.4888e+12,0,-1.193e+09,-1.193e+09,-1.193e+09,-1.193e+09,-1.193e+09,-1.193e+09,0,0,0,0,0,0,0,0,17274,17274,17274,17274,17274,17274,0,4796,4796,4796,4796,4796,4796,0,2899.1,2899.1,2899.1,2899.1,2899.1,2899.1,0,1,173
1,0.94171,0.94171,0.94171,0.94171,0.94171,0.94171,0,1.3476e+12,1.3476e+12,1.3476e+12,1.3476e+12,1.3476e+12,1.3476e+12,0,1.3505e+12,1.3505e+12,1.3505e+12,1.3505e+12,1.3505e+12,1.3505e+12,0,-6.4351e+12,-6.4351e+12,-6.4351e+12,-6.4351e+12,-6.4351e+12,-6.4351e+12,0,-2.9502e+09,-2.9502e+09,-2.9502e+09,-2.9502e+09,-2.9502e+09,-2.9502e+09,0,0,0,0,0,0,0,0,17273,17273,17273,17273,17273,17273,0,4796.4,4796.4,4796.4,4796.4,4796.4,4796.4,0,2902,2902,2902,2902,2902,2902,0,1,174
1,0.93999,0.93999,0.93999,0.93999,0.93999,0.93999,0,1.3456e+12,1.3456e+12,1.3456e+12,1.3456e+12,1.3456e+12,1.3456e+12,0,1.3502e+12,1.3502e+12,1.3502e+12,1.3502e+12,1.3502e+12,1.3502e+12,0,-6.3643e+12,-6.3643e+12,-6.3643e+12,-6.3643e+12,-6.3643e+12,-6.3643e+12,0,-4.5709e+09,-4.5709e+09,-4.5709e+09,-4.5709e+09,-4.5709e+09,-4.5709e+09,0,0,0,0,0,0,0,0,17274,17274,17274,17274,17274,17274,0,4797.8,4797.8,4797.8,4797.8,4797.8,4797.8,0,2900.7,2900.7,2900.7,2900.7,2900.7,2900.7,0,1,175
1,0.94097,0.94097,0.94097,0.94097,0.94097,0.94097,0,1.3438e+12,1.3438e+12,1.3438e+12,1.3438e+12,1.3438e+12,1.3438e+12,0,1.3502e+12,1.3502e+12,1.3502e+12,1.3502e+12,1.3502e+12,1.3502e+12,0,-6.3058e+12,-6.3058e+12,-6.3058e+12,-6.3058e+12,-6.3058e+12,-6.3058e+12,0,-6.3392e+09,-6.3392e+09,-6.3392e+09,-6.3392e+09,-6.3392e+09,-6.3392e+09,0,0,0,0,0,0,0,0,17275,17275,17275,17275,17275,17275,0,4797.2,4797.2,4797.2,4797.2,4797.2,4797.2,0,2903.1,2903.1,2903.1,2903.1,2903.1,2903.1,0,1,176
1,0.9418,0.9418,0.9418,0.9418,0.9418,0.9418,0,1.3424e+12,1.3424e+12,1.3424e+12,1.3424e+12,1.3424e+12,1.3424e+12,0,1.3505e+12,1.3505e+12,1.3505e+12,1.3505e+12,1.3505e+12,1.3505e+12,0,-6.2475e+12,-6.2475e+12,-6.2475e+12,-6.2475e+12,-6.2475e+12,-6.2475e+12,0,-8.1401e+09,-8.1401e+09,-8.1401e+09,-8.1401e+09,-8.1401e+09,-8.1401e+09,0,0,0,0,0,0,0,0,17276,17276,17276,17276,17276,17276,0,4800.8,4800.8,4800.8,4800.8,4800.8,4800.8,0,2903.5,2903.5,2903.5,2903.5,2903.5,2903.5,0,1,177
1,0.93564,0.93564,0.93564,0.93564,0.93564,0.93564,0,1.3395e+12,1.3395e+12,1.3395e+12,1.3395e+12,1.3395e+12,1.3395e+12,0,1.3489e+12,1.3489e+12,1.3489e+12,1.3489e+12,1.3489e+12,1.3489e+12,0,-6.1498e+12,-6.1498e+12,-6.1498e+12,-6.1498e+12,-6.1498e+12,-6.1498e+12,0,-9.4048e+09,-9.4048e+09,-9.4048e+09,-9.4048e+09,-9.4048e+09,-9.4048e+09,0,0,0,0,0,0,0,0,17281,17281,17281,17281,17281,17281,0,4797.9,4797.9,4797.9,4797.9,4797.9,4797.9,0,2898.1,2898.1,2898.1,2898.1,2898.1,2898.1,0,1,178
1,0.9325,0.9325,0.9325,0.9325,0.9325,0.9325,0,1.3371e+12,1.3371e+12,1.3371e+12,1.3371e+12,1.3371e+12,1.3371e+12,0,1.348e+12,1.348e+12,1.348e+12,1.348e+12,1.348e+12,1.348e+12,0,-6.0692e+12,-6.0692e+12,-6.0692e+12,-6.0692e+12,-6.0692e+12,-6.0692e+12,0,-1.0979e+10,-1.0979e+10,-1.0979e+10,-1.0979e+10,-1.0979e+10,-1.0979e+10,0,0,0,0,0,0,0,0,17282,17282,17282,17282,17282,17282,0,4800.8,4800.8,4800.8,4800.8,4800.8,4800.8,0,2894.6,2894.6,2894.6,2894.6,2894.6,2894.6,0,1,179
